 TOTAL_DETECTION_COUNT,DEVELOPER_TYPE_INDEX,DOWNLOAD_RANGE_BINARY,ANDROID_VERSION_BINARY,CONTENT_RATING_BINARY, MALWARE_DETECTION_COUNT
49,3,5,10,0,0
49,3,5,10,0,0
53,3,5,10,0,1
53,3,5,10,0,1
53,3,8,10,0,0
51,3,14,10,0,0
51,3,5,10,2,0
50,3,11,5,2,1
54,3,8,5,0,1
52,3,8,5,0,1
54,3,17,5,0,1
48,3,5,2,0,1
51,3,5,2,0,0
51,3,5,2,0,1
53,3,7,2,0,0
50,3,5,2,0,1
51,3,8,14,0,0
51,3,2,21,0,0
54,3,8,10,2,1
51,3,17,10,0,1
53,3,8,10,0,1
47,3,11,10,0,0
52,3,8,10,0,1
51,3,5,8,0,1
53,3,2,10,2,1
51,3,8,10,2,1
51,3,8,2,0,1
53,3,16,10,0,0
50,3,11,10,0,0
52,3,8,12,0,1
50,3,11,8,0,0
50,3,5,10,0,0
48,3,5,14,0,0
48,3,11,10,0,0
51,3,11,8,0,1
48,3,5,8,0,0
50,3,11,8,0,0
50,3,1,8,0,0
50,3,5,8,0,0
49,3,5,8,0,1
48,3,5,8,0,0
50,3,5,8,0,1
50,3,5,8,0,0
50,3,11,8,0,1
51,3,5,10,0,0
51,3,5,10,0,1
50,3,1,8,0,1
50,3,11,8,0,0
50,3,1,8,1,0
51,3,5,10,0,0
51,3,6,10,0,0
52,3,8,10,2,1
52,3,5,3,1,1
49,3,5,10,0,1
51,3,8,8,0,1
51,3,1,14,0,1
51,3,6,21,0,0
51,3,8,3,0,0
51,3,5,8,0,0
48,3,11,8,0,0
51,3,5,8,0,1
50,3,8,8,0,1
51,3,5,8,3,1
50,3,1,8,0,1
51,3,14,10,0,1
53,3,11,12,0,0
50,3,5,10,0,0
54,3,8,12,3,1
54,3,8,12,3,1
51,3,5,10,0,1
51,3,5,8,0,0
50,3,11,10,0,0
51,3,17,12,0,1
53,3,8,12,0,0
51,3,2,12,0,0
53,3,17,3,0,0
50,3,8,10,0,1
50,3,8,10,1,1
54,3,8,10,0,1
51,3,14,10,0,1
51,3,5,10,0,1
53,3,8,12,0,1
52,3,5,10,0,1
52,3,5,8,0,1
52,3,6,10,2,1
50,3,8,8,0,1
51,3,5,10,0,0
53,3,11,8,0,1
53,3,5,8,0,1
53,3,5,8,0,1
51,3,14,10,0,0
51,3,8,10,0,0
51,3,5,8,0,1
47,3,5,10,0,0
51,3,11,8,0,0
52,3,17,10,0,1
51,3,5,10,0,0
52,3,2,10,3,0
46,3,11,10,0,0
46,3,11,10,0,1
51,3,5,10,0,1
49,3,5,10,0,1
48,3,5,10,0,0
48,3,5,10,0,0
53,3,6,10,2,0
52,3,5,10,2,1
54,3,11,16,2,1
54,3,8,10,0,1
54,3,8,10,0,1
52,3,2,2,2,0
54,2,18,21,0,0
54,3,6,2,2,0
54,3,17,19,0,1
51,3,12,21,2,1
50,3,11,8,3,1
53,3,12,10,0,1
52,3,11,8,0,1
53,3,11,10,0,1
51,3,8,10,2,1
53,3,14,0,0,1
50,3,5,10,0,1
50,3,5,16,0,0
52,3,8,8,0,1
51,3,5,10,2,1
51,3,5,16,0,0
50,3,5,14,0,1
52,3,14,10,0,1
51,3,5,8,0,0
51,3,14,10,0,1
51,3,2,8,2,1
51,3,8,3,0,0
52,3,14,14,0,0
52,3,11,10,0,1
51,3,1,10,0,1
52,3,14,10,0,0
48,3,5,12,0,0
51,3,5,14,2,0
50,3,5,16,0,0
50,3,5,10,0,1
48,3,8,8,2,1
51,3,11,8,0,0
51,3,5,8,2,1
48,3,5,12,0,0
53,3,8,10,2,0
51,3,5,10,0,1
50,3,8,3,0,1
51,3,8,3,0,0
54,3,2,10,2,1
53,3,8,14,3,1
50,3,14,8,0,0
51,3,5,10,0,1
50,3,14,2,0,0
54,3,17,10,2,1
51,3,14,5,0,1
51,3,5,8,0,0
51,3,5,2,0,0
51,3,8,8,0,1
47,3,5,10,0,0
51,3,5,10,0,1
50,3,5,18,0,1
53,3,14,10,2,1
53,3,5,10,2,1
50,3,5,10,2,1
49,3,8,8,2,1
51,3,5,8,0,1
51,3,5,3,2,1
52,3,2,12,0,1
52,3,2,2,0,0
52,3,17,5,0,0
50,3,14,10,0,1
51,3,14,3,0,1
51,3,5,3,0,1
51,3,5,14,0,0
51,3,2,5,0,1
51,3,1,8,3,1
53,3,5,10,2,1
51,3,5,10,2,1
52,3,1,12,0,0
48,3,11,14,0,0
50,3,5,10,0,0
51,3,8,8,0,0
51,3,5,10,0,0
51,3,8,10,0,0
50,3,8,10,2,0
50,3,8,10,2,1
50,2,2,10,0,0
52,2,12,10,0,0
53,2,2,10,0,0
54,2,2,10,0,1
50,3,2,8,0,1
51,3,5,12,3,1
50,3,14,8,0,1
50,3,14,8,0,1
50,3,8,8,3,0
51,3,14,3,0,1
49,3,5,3,0,1
50,3,5,3,0,1
53,3,5,12,0,1
53,3,5,10,0,1
51,3,8,16,2,1
50,3,5,10,0,1
51,3,5,10,0,0
50,3,5,10,0,1
50,3,14,10,2,0
54,3,5,10,0,1
51,3,14,10,0,1
51,3,5,10,0,0
50,3,5,10,0,0
47,3,5,8,0,1
51,3,5,10,2,0
52,3,5,10,0,0
53,3,8,3,0,1
51,3,8,16,0,0
53,3,14,10,2,1
52,3,5,12,0,1
51,3,17,12,0,0
50,3,8,8,0,1
52,3,8,8,0,1
48,3,1,10,0,0
54,3,2,3,0,0
52,3,11,10,0,1
52,3,1,8,0,1
51,3,2,2,0,1
52,3,11,10,0,0
50,3,5,8,0,1
51,3,8,3,2,1
51,3,8,21,0,1
50,3,5,8,0,0
50,3,11,8,0,0
50,3,8,10,0,0
51,3,5,8,0,1
52,3,7,8,0,0
52,3,2,10,2,0
51,3,5,10,0,0
53,3,8,16,0,1
51,3,14,16,0,0
52,3,5,8,0,1
52,3,1,8,0,1
52,3,8,5,2,1
53,3,8,10,0,1
52,3,2,8,0,0
52,3,11,10,0,0
51,3,8,10,3,1
47,3,11,10,0,1
54,3,6,21,0,0
51,3,17,2,0,1
51,3,8,2,0,0
52,2,2,3,0,1
53,3,8,10,0,0
53,3,8,10,0,1
51,3,8,10,0,0
51,3,8,10,0,0
51,3,5,3,2,1
52,3,1,10,0,1
50,3,11,5,0,0
45,3,5,3,3,0
53,3,16,10,0,1
51,3,8,2,0,1
49,3,11,8,0,0
50,3,5,16,0,0
50,3,5,10,0,1
50,3,5,3,0,0
51,3,14,8,0,1
52,3,17,14,0,0
51,3,5,8,0,0
53,3,2,14,3,0
51,3,2,3,2,0
51,3,2,2,0,0
51,3,15,21,2,1
48,3,17,2,0,0
54,3,8,12,0,1
51,3,12,21,0,0
52,3,14,12,0,0
50,3,8,8,0,1
53,3,5,10,0,1
50,3,14,21,0,0
51,3,5,10,0,0
50,3,5,3,0,0
51,3,17,12,0,1
54,3,8,5,0,1
51,3,14,10,0,1
54,3,11,10,0,1
54,3,14,10,2,1
50,3,14,8,0,1
50,3,5,8,2,0
50,3,5,8,0,1
50,3,5,8,0,1
51,3,8,8,0,1
52,3,5,8,2,1
52,3,11,16,0,0
53,3,12,21,0,0
50,3,14,10,2,1
51,3,8,10,2,0
49,3,5,14,0,1
52,3,5,20,2,0
50,3,5,10,0,0
54,3,8,16,0,1
54,3,2,8,3,0
50,3,1,8,0,1
49,3,5,8,0,1
51,3,11,8,0,1
50,3,5,8,0,1
50,3,5,8,0,1
50,3,1,8,0,1
51,3,8,2,0,1
53,3,5,12,0,1
49,3,5,8,0,1
52,3,2,10,0,0
51,3,2,8,0,1
50,3,1,8,3,1
51,3,5,8,0,1
50,3,5,8,0,1
50,3,1,8,0,1
50,3,17,10,0,1
51,3,1,8,0,0
53,3,5,8,0,1
49,3,11,8,0,0
51,3,5,8,0,1
51,3,5,8,0,1
50,3,5,10,0,1
51,3,14,10,0,0
51,3,5,10,0,1
51,3,5,8,0,1
52,3,14,10,0,1
51,3,8,10,2,1
50,3,5,10,0,1
50,3,14,10,0,1
52,3,5,10,3,1
53,3,1,10,2,0
54,3,2,2,2,1
54,3,8,5,2,1
52,3,14,10,0,1
53,3,8,10,0,1
47,3,11,18,0,0
50,3,12,21,0,0
51,3,14,10,0,0
50,3,8,10,2,1
48,3,5,6,0,0
52,3,8,8,0,1
51,3,14,8,2,1
50,3,5,8,2,1
50,3,11,8,2,0
50,3,5,8,2,1
53,3,2,10,0,0
53,3,16,8,0,0
51,3,12,14,2,0
51,3,8,14,0,0
51,3,8,21,0,1
54,3,6,2,0,0
51,3,14,8,0,1
42,3,11,12,0,0
52,3,8,8,2,0
52,3,12,21,0,0
50,3,5,14,0,1
51,3,5,21,0,1
51,3,5,10,0,0
54,3,6,10,2,0
54,3,8,14,2,0
50,3,8,8,0,0
51,3,2,8,0,1
51,3,5,8,0,1
50,3,8,8,0,0
53,3,17,12,0,1
51,3,8,8,2,0
52,3,8,14,0,0
52,3,8,12,2,0
48,3,5,8,0,0
48,3,5,8,0,0
48,3,5,8,0,0
52,3,8,10,0,0
53,3,8,10,0,0
53,3,8,10,0,0
52,3,8,16,0,0
51,3,8,10,0,1
53,3,5,3,0,1
52,3,14,5,0,1
50,3,1,10,0,0
51,3,14,10,3,0
52,3,14,10,0,0
52,3,5,10,0,0
51,3,5,10,0,0
54,3,6,21,2,1
53,3,8,10,0,1
53,3,17,10,0,0
51,3,5,10,0,0
53,3,1,10,0,0
49,3,1,10,2,1
50,3,5,2,0,1
50,3,16,2,0,1
54,3,1,2,0,1
47,3,11,8,0,0
46,3,1,8,0,0
52,3,14,8,2,1
54,3,2,21,2,1
52,3,2,2,0,1
52,3,8,10,0,0
51,3,11,10,0,0
52,3,5,10,0,1
53,3,5,10,0,0
52,3,8,12,0,1
53,3,6,10,0,0
51,3,12,8,0,1
51,3,8,10,0,1
53,3,8,12,2,1
51,3,8,10,0,0
52,3,5,8,0,1
51,3,11,10,2,1
51,3,5,10,0,0
51,3,14,10,1,0
52,3,8,12,2,0
52,3,14,19,2,1
48,3,14,21,0,1
51,3,5,10,0,0
54,3,8,10,2,1
52,3,5,8,0,0
50,3,5,16,0,0
53,3,1,10,0,1
52,3,5,3,0,1
53,3,5,12,0,0
53,3,8,8,0,0
52,3,5,8,2,0
53,3,14,10,3,1
54,3,8,16,0,0
41,3,5,8,2,0
49,3,1,10,2,0
52,3,8,8,2,1
52,3,5,10,2,0
51,3,8,14,2,0
50,3,1,10,0,0
47,3,11,8,0,0
49,3,1,10,0,1
50,3,1,12,0,1
47,3,1,12,0,0
47,3,11,10,0,0
51,3,5,2,0,0
54,3,1,12,0,1
48,3,1,8,2,1
53,3,8,8,2,1
47,3,11,8,0,0
50,3,2,8,2,1
52,3,8,3,0,0
52,3,17,3,2,0
52,3,8,3,0,0
47,3,11,14,0,1
51,3,11,10,0,0
52,3,8,2,2,1
51,3,8,19,0,0
50,3,5,10,2,0
54,3,8,19,0,1
52,3,8,14,0,0
54,3,2,8,0,0
52,3,12,14,2,1
53,3,2,19,0,0
52,3,17,10,2,0
50,3,16,10,2,1
47,3,11,10,3,1
52,3,8,10,2,1
49,3,14,10,0,1
53,3,5,10,2,1
54,3,2,8,0,1
54,3,15,21,0,1
53,3,8,12,0,1
50,3,16,8,2,1
50,3,1,8,2,0
51,3,5,8,0,0
53,3,1,10,2,1
51,3,14,12,0,0
52,3,17,10,0,0
52,3,17,10,0,0
52,3,17,10,0,1
52,3,2,10,0,0
52,3,2,10,0,0
50,3,14,8,0,1
51,3,8,10,2,1
52,3,2,10,2,1
54,3,8,20,2,0
51,3,5,10,1,1
52,3,8,12,2,0
53,3,2,2,0,1
52,3,17,8,0,0
52,3,5,10,3,1
51,3,5,10,0,1
51,3,5,3,0,1
50,3,5,10,0,0
47,3,11,10,0,0
50,3,14,8,2,0
54,3,8,5,0,0
54,3,2,14,0,1
50,3,8,8,0,0
54,3,6,21,0,0
52,3,11,14,2,0
53,3,5,14,2,1
51,3,5,8,2,1
50,3,7,5,0,1
51,3,14,10,0,1
52,3,8,10,0,0
50,2,6,21,2,1
53,3,2,10,0,0
50,3,16,10,0,1
54,3,14,20,0,1
51,3,5,19,0,0
50,2,8,8,2,1
50,3,11,10,0,0
53,3,17,12,2,0
53,3,5,3,0,1
52,3,17,8,3,0
50,3,1,8,0,1
53,2,8,10,0,1
48,3,5,14,0,0
53,3,2,8,2,0
52,3,14,8,0,0
52,3,14,8,0,0
52,3,8,8,0,0
51,3,14,8,0,0
52,3,14,8,0,0
53,3,7,19,2,1
50,3,8,14,0,1
52,3,14,10,1,1
44,3,5,10,0,0
50,3,11,10,0,1
51,3,11,10,0,1
50,3,16,14,1,1
51,3,14,3,0,0
52,3,6,21,2,0
51,3,7,12,0,0
39,3,17,19,0,1
52,3,8,12,0,1
51,3,2,12,0,1
53,3,2,12,0,1
53,3,17,5,0,0
51,3,14,12,2,0
52,2,12,10,2,1
52,3,14,2,0,0
53,3,2,10,0,1
51,3,2,3,0,1
51,3,5,8,0,1
51,3,5,10,0,0
53,3,8,10,0,1
52,3,5,10,2,1
52,3,14,8,2,1
48,3,1,12,2,1
51,3,8,10,0,1
52,3,17,10,0,0
53,3,8,2,0,1
52,3,5,8,3,0
53,3,8,10,0,1
52,3,5,10,0,0
50,3,5,10,0,1
54,3,16,14,3,1
53,3,8,10,0,0
53,2,8,12,0,1
51,3,1,19,0,0
52,3,8,10,3,0
46,3,1,10,0,0
52,3,14,19,2,0
51,3,16,18,0,0
51,3,5,19,0,0
53,3,1,10,2,0
47,3,16,10,0,0
50,3,16,10,1,1
49,3,16,10,0,1
48,3,11,10,0,0
53,3,5,10,2,0
50,3,5,10,0,0
51,3,5,19,0,0
52,3,2,12,3,0
53,3,2,19,3,0
54,3,2,10,0,0
50,3,5,14,0,1
51,3,11,14,2,0
47,3,5,10,2,1
52,3,17,21,2,0
48,3,11,8,0,0
49,3,8,8,1,1
47,3,11,18,2,0
48,3,1,10,3,0
53,3,1,10,3,1
53,2,12,21,0,1
50,2,2,10,0,0
52,2,14,14,0,1
51,2,17,20,2,0
53,2,14,10,0,1
54,2,6,10,0,1
53,2,5,10,0,0
53,3,2,5,2,1
49,3,1,8,2,1
51,3,5,14,2,0
54,3,7,14,0,0
51,3,11,3,0,1
53,3,12,6,2,1
53,3,6,6,2,1
51,3,8,8,0,0
52,3,5,10,0,1
51,3,1,19,0,0
48,3,1,14,0,0
54,3,2,5,0,1
50,3,8,16,0,1
52,3,5,10,0,0
51,3,5,3,2,0
52,3,5,8,2,0
47,3,1,10,0,1
46,3,1,8,0,1
54,3,5,19,0,1
50,3,14,0,0,0
50,3,5,12,0,0
49,3,1,10,2,0
54,3,5,10,0,0
53,3,5,17,0,0
53,3,8,8,2,1
51,3,11,14,0,0
52,3,14,8,2,0
51,3,14,10,1,0
53,3,8,10,0,1
50,3,11,10,2,0
54,2,6,21,0,1
52,3,5,12,2,1
52,3,14,10,2,0
54,3,6,3,0,1
52,3,2,3,0,0
51,3,2,10,0,0
50,3,8,21,2,1
54,3,8,10,0,1
54,3,5,12,2,0
51,3,8,19,0,0
52,3,8,14,0,1
53,3,5,21,2,1
52,3,16,10,0,0
53,3,8,10,2,0
51,3,8,12,0,0
52,3,11,12,0,0
54,3,16,16,3,1
54,3,14,10,0,0
53,3,8,14,3,0
54,3,14,12,0,0
46,3,5,10,0,0
52,2,5,10,0,0
52,2,2,10,0,0
52,3,5,10,0,0
52,3,2,10,0,0
51,3,8,10,0,1
51,3,14,21,2,1
53,3,2,3,2,1
50,3,14,10,2,1
50,3,1,10,0,1
54,3,5,8,0,0
52,3,8,21,0,1
53,3,8,10,0,1
53,3,17,14,3,0
53,3,1,8,0,0
46,3,1,10,0,0
52,3,8,21,2,0
52,3,7,10,0,0
52,3,5,21,2,0
50,3,16,14,0,1
47,3,1,14,2,0
46,3,1,14,2,0
50,3,11,8,0,1
51,3,2,21,0,0
50,3,5,8,0,1
51,3,8,16,0,0
52,3,5,2,0,0
52,3,2,2,0,0
47,3,11,10,0,1
51,3,5,10,0,0
51,3,1,10,0,0
50,3,5,10,0,1
52,3,5,20,0,0
52,3,8,10,0,1
50,3,14,10,2,0
47,3,11,10,0,1
51,3,8,10,0,0
46,3,11,10,0,1
50,3,16,8,0,1
53,3,5,18,0,1
50,3,1,8,0,1
49,3,16,8,0,1
50,3,5,19,0,1
49,3,1,8,0,1
50,3,8,8,3,0
51,3,4,10,0,0
52,3,5,10,2,0
52,3,1,10,0,0
47,3,11,8,0,1
52,3,2,10,0,0
52,3,8,10,2,0
54,3,17,21,0,0
51,3,5,3,0,0
52,3,11,8,0,1
52,3,5,8,0,1
52,3,8,10,0,0
52,3,8,8,0,1
53,3,2,10,2,1
51,3,14,21,0,0
50,3,16,12,0,1
53,3,5,19,0,0
50,3,5,18,2,0
51,3,5,14,0,0
51,3,16,8,2,0
53,3,8,12,2,0
50,3,11,3,0,1
54,3,5,12,0,1
51,3,11,2,0,1
54,3,17,3,2,1
51,3,8,5,2,1
52,3,8,8,0,1
51,3,8,10,0,1
51,3,8,20,0,0
52,3,14,10,0,1
49,3,1,8,2,0
52,3,14,8,0,0
51,3,8,10,0,1
49,3,1,12,0,1
51,3,11,16,0,0
53,3,5,14,0,0
53,3,2,21,0,0
52,3,2,21,0,1
48,3,11,14,2,0
50,3,5,10,0,0
52,3,17,2,0,0
52,3,17,10,2,0
51,3,2,8,0,1
53,3,8,8,0,0
51,3,5,16,2,1
51,3,11,10,0,0
49,3,11,6,0,0
45,3,11,3,2,0
54,3,8,10,2,1
54,3,8,21,2,0
53,3,14,8,0,0
48,3,5,2,3,0
48,3,5,10,0,0
52,3,17,10,0,0
51,3,8,10,0,0
52,3,5,8,3,0
53,3,14,5,0,1
52,3,8,3,0,0
53,3,14,10,0,1
52,3,8,10,0,0
54,3,7,8,0,0
53,3,16,12,0,0
51,3,5,3,2,0
51,3,5,8,2,0
51,3,17,14,0,0
52,3,8,14,0,0
48,3,1,10,0,1
53,3,14,8,0,1
52,3,5,8,0,1
51,3,14,8,0,0
52,3,14,8,0,0
50,3,5,8,0,1
52,3,5,8,0,0
46,3,1,8,3,0
47,3,11,8,1,0
50,3,5,2,0,1
48,3,11,10,0,0
47,3,11,10,3,0
51,3,7,10,3,0
52,3,5,10,0,1
52,3,5,10,0,0
51,3,5,10,3,0
53,3,16,10,1,1
53,3,1,10,0,0
50,3,5,2,0,1
50,3,5,2,0,1
51,3,1,12,0,1
53,3,11,10,0,1
53,3,11,10,0,1
52,3,1,3,0,1
52,3,5,8,0,0
51,3,8,2,2,1
51,3,14,3,0,0
51,3,1,12,0,0
54,3,8,3,2,1
53,3,2,10,2,0
51,3,11,10,0,0
51,3,5,10,0,0
51,3,14,10,0,1
51,3,5,8,2,1
48,3,5,10,0,1
48,3,11,10,2,0
47,3,5,10,2,1
53,3,5,10,0,1
54,3,16,12,0,0
51,3,7,12,0,0
50,3,1,14,0,1
49,3,11,10,0,0
50,3,16,10,2,1
51,3,5,5,0,0
52,3,8,10,3,1
52,3,5,14,0,0
50,3,11,10,0,0
51,3,5,10,0,0
51,3,5,10,0,0
51,3,5,10,0,1
51,3,8,10,2,1
51,3,2,10,2,1
51,3,16,0,0,1
51,3,5,8,0,1
47,3,1,8,2,1
51,3,5,10,0,1
50,3,8,2,0,1
50,3,1,19,3,1
51,3,5,3,0,1
51,3,1,10,0,1
52,3,5,8,1,1
51,3,8,3,3,0
53,3,1,8,1,1
48,3,5,14,0,0
52,3,5,8,0,0
51,3,5,8,2,1
51,3,1,10,0,1
54,3,11,10,0,0
48,3,1,3,0,0
53,3,7,10,0,1
52,3,1,12,0,0
51,3,7,12,0,0
52,3,1,3,0,1
51,3,1,10,0,1
50,3,5,14,0,1
51,3,8,8,2,1
47,3,1,14,0,1
54,3,5,2,0,1
51,3,5,12,0,1
52,3,5,2,0,1
50,3,8,10,0,0
52,3,8,12,3,1
52,3,17,12,3,0
51,3,17,19,0,1
51,3,5,10,0,0
52,3,5,10,0,0
52,3,5,8,3,0
51,3,11,16,0,0
51,3,17,12,0,0
48,3,1,10,2,0
51,3,11,5,3,1
48,3,11,6,0,1
52,3,4,10,3,0
49,3,11,10,3,1
50,3,7,10,3,1
50,3,7,10,2,1
50,3,8,10,0,0
51,3,8,10,0,0
51,3,5,6,0,0
51,3,8,2,2,1
50,3,1,10,2,1
52,3,2,21,1,0
51,3,2,14,1,0
53,3,5,10,3,1
51,3,5,8,0,0
51,3,7,12,0,0
52,3,1,12,0,0
52,3,11,8,0,1
50,3,5,8,0,1
52,3,1,8,0,1
51,3,16,8,0,1
50,3,16,8,0,1
49,3,7,8,0,1
52,3,11,8,0,1
50,3,11,8,0,0
50,3,1,8,3,1
51,3,14,3,4,0
43,3,1,8,0,0
52,3,5,14,0,0
51,3,8,10,2,0
51,3,8,10,0,0
51,3,5,10,2,1
51,3,8,12,0,1
54,3,1,14,0,1
44,3,16,8,0,0
50,3,13,8,0,1
52,3,5,10,0,1
46,3,1,10,0,0
47,3,1,10,0,0
51,3,5,14,2,1
50,3,14,10,0,1
52,3,1,8,0,1
52,3,17,10,2,0
54,3,8,8,2,1
51,3,8,12,0,0
51,3,17,8,3,0
52,3,17,5,0,0
52,3,17,5,0,0
51,3,2,5,0,0
52,3,2,5,0,0
52,3,8,5,0,0
51,3,17,5,0,0
52,3,8,5,0,0
52,3,8,5,0,0
52,3,2,5,0,0
54,3,8,5,0,1
52,3,8,5,0,0
52,3,17,5,0,0
52,3,8,5,0,0
54,3,2,5,0,0
51,3,2,5,0,0
52,3,17,5,0,0
51,3,8,5,0,0
50,3,8,5,0,1
52,3,8,5,0,0
52,3,17,5,0,0
52,3,8,5,0,1
52,3,8,5,0,0
52,3,8,5,0,0
51,3,2,5,0,0
52,3,8,5,0,0
52,3,8,5,0,0
52,3,8,5,0,0
53,3,17,5,0,1
52,3,2,5,0,0
52,3,2,5,0,0
52,3,8,5,0,1
52,3,8,5,0,0
51,3,17,5,0,0
52,3,8,5,0,0
51,3,2,5,0,0
52,3,8,5,0,0
51,3,11,10,2,1
53,3,1,8,0,1
52,3,16,2,0,0
52,3,1,2,0,0
50,3,8,2,1,0
53,3,8,10,0,1
52,3,8,10,0,0
51,3,17,10,0,0
52,3,17,10,0,0
52,3,8,10,0,0
52,3,1,10,2,1
52,3,1,8,3,1
51,3,11,8,3,0
52,3,1,8,3,1
52,3,5,12,2,1
51,3,5,10,0,0
53,3,11,10,2,1
52,3,11,10,3,1
50,3,11,10,0,1
51,3,5,3,3,0
47,3,1,14,2,1
52,3,8,5,0,0
52,3,8,3,0,0
51,3,8,3,0,0
51,3,17,3,1,0
51,3,8,3,0,0
52,3,14,3,0,0
52,3,8,3,0,0
52,3,17,3,0,0
51,3,17,3,0,0
52,3,8,3,0,0
52,3,14,3,0,0
53,3,17,3,0,1
52,3,8,5,0,0
52,3,2,3,0,0
53,3,2,3,0,0
52,3,8,5,0,0
53,3,8,3,0,1
52,3,8,5,0,0
52,3,17,3,0,0
52,3,8,3,0,0
52,3,8,5,0,0
52,3,8,5,0,0
52,3,8,3,0,0
52,3,8,3,0,0
52,3,2,6,3,0
52,3,8,12,2,0
54,3,17,12,3,1
54,3,17,12,3,1
53,3,17,12,3,1
51,3,8,12,3,1
51,3,2,21,3,1
51,3,8,8,2,1
53,3,17,8,2,0
52,3,14,8,2,1
52,3,11,10,0,0
53,3,1,10,0,0
52,3,1,10,0,0
54,3,16,10,0,1
50,3,1,10,1,0
51,3,5,10,0,1
52,3,8,2,3,1
54,3,1,16,0,1
51,3,8,16,0,0
53,3,11,10,3,0
49,3,11,10,3,1
50,3,1,10,0,1
51,3,5,21,0,1
51,3,11,8,2,1
51,3,14,10,0,1
51,3,11,10,0,1
48,3,5,10,0,0
51,3,5,10,0,1
50,3,1,3,0,0
54,3,17,21,3,0
52,3,8,10,0,1
52,3,11,8,0,1
52,3,5,8,0,1
51,3,5,5,2,1
53,3,8,12,0,1
51,3,14,18,0,0
51,2,2,10,2,0
51,3,5,5,0,1
52,3,1,10,0,1
53,3,16,10,0,0
52,3,16,10,0,0
51,3,5,14,2,1
51,3,14,14,2,1
51,3,11,14,2,1
51,3,5,14,2,1
51,3,5,14,2,1
46,3,11,10,3,1
50,2,8,14,3,1
54,3,14,10,0,1
52,3,5,5,0,1
51,3,14,8,2,0
46,3,11,5,0,0
50,3,14,10,0,0
54,3,13,12,0,1
52,3,16,12,0,1
53,3,11,10,2,0
51,3,5,3,2,1
54,3,1,8,2,0
50,3,5,3,0,1
51,3,5,10,0,0
51,3,5,12,0,0
53,3,11,12,0,0
51,3,1,16,0,0
49,3,1,6,0,0
51,3,8,12,3,0
53,3,11,8,2,1
53,3,8,16,2,0
52,3,5,10,0,0
51,3,6,8,1,0
51,3,8,8,2,0
53,3,8,6,0,1
47,3,5,8,0,1
46,3,1,10,0,1
51,3,8,8,0,1
46,3,1,5,3,1
51,3,8,19,3,0
52,3,5,10,0,0
49,3,16,10,0,0
47,3,1,10,0,1
51,3,8,21,0,0
52,3,8,8,3,1
52,3,5,10,0,1
51,3,5,12,0,0
52,3,11,5,0,1
52,3,14,10,1,0
53,3,2,12,3,1
52,3,11,10,2,0
53,3,11,14,0,1
52,3,5,8,1,1
52,3,5,8,1,1
44,3,11,10,0,0
52,3,5,10,0,0
50,3,1,16,2,0
54,3,5,12,3,1
53,3,7,14,0,1
51,3,7,14,2,1
53,3,1,14,2,1
52,3,16,14,0,1
50,3,5,8,2,1
52,3,14,12,0,0
52,3,14,12,0,0
52,3,8,12,0,0
52,3,8,12,0,0
53,3,17,12,0,1
51,3,17,12,0,0
52,3,5,12,0,0
52,3,14,12,0,0
52,3,11,10,0,1
51,3,2,10,0,0
53,3,17,3,0,0
52,3,5,10,0,0
52,3,11,2,0,0
51,3,8,8,0,0
52,3,5,10,0,1
52,3,1,10,0,1
52,3,5,10,0,1
50,3,11,8,0,1
51,3,7,10,0,1
52,3,7,16,2,0
52,3,4,16,2,0
51,3,5,20,0,0
51,3,8,10,2,0
52,3,1,14,0,1
52,3,5,8,0,0
50,3,1,8,0,1
52,3,5,8,3,1
51,3,2,3,0,0
52,3,5,10,0,0
52,3,13,16,0,0
51,3,16,10,0,0
52,3,5,8,0,0
50,3,5,14,0,0
52,3,5,8,0,1
52,3,14,8,0,0
54,3,16,8,0,1
51,3,14,10,0,0
52,3,5,10,0,1
53,3,1,10,1,1
52,3,16,10,1,0
50,3,5,5,0,1
54,3,2,5,3,1
51,3,5,8,0,1
51,3,7,19,0,1
50,3,16,10,1,1
51,3,1,5,0,0
51,3,14,8,2,1
53,3,5,8,0,1
50,3,1,8,0,1
54,3,5,8,0,1
52,3,16,16,0,0
52,3,16,16,0,0
52,3,11,10,0,1
48,3,1,10,0,1
51,3,5,8,0,0
52,3,2,5,0,1
53,3,5,10,1,0
52,3,1,10,0,1
52,3,5,10,2,1
52,3,5,8,0,0
52,3,1,12,0,0
51,3,5,10,0,1
52,3,11,10,2,1
50,3,5,10,0,0
52,3,1,8,2,1
52,3,11,10,0,0
51,3,2,2,0,0
51,3,14,10,0,1
51,3,4,8,0,1
53,3,8,10,3,0
47,3,11,12,0,0
51,3,5,12,0,1
51,3,5,12,0,1
52,3,8,12,0,0
51,3,5,12,0,0
51,3,5,8,0,1
51,3,5,8,0,1
51,3,5,10,0,1
51,3,1,10,3,1
52,3,14,3,0,0
50,3,14,10,0,0
52,3,5,10,0,1
51,3,8,10,0,0
54,3,8,10,0,1
51,3,8,10,0,0
51,3,5,3,0,1
50,3,5,8,0,1
53,3,5,10,0,1
51,3,8,8,1,1
50,3,5,8,1,0
47,3,1,3,0,0
52,3,11,8,0,1
51,3,2,10,3,0
51,3,13,10,0,1
52,3,1,10,0,0
52,3,5,10,1,0
51,3,8,8,2,1
52,3,1,19,2,0
51,3,14,10,2,1
51,3,5,8,0,0
54,3,1,10,0,0
49,3,5,14,0,1
50,3,11,14,0,0
51,3,8,10,3,1
51,3,5,8,2,0
51,3,5,16,0,1
53,3,11,8,0,1
53,3,5,10,0,1
53,3,7,16,0,0
50,3,5,3,0,1
53,3,14,16,1,0
50,3,5,14,0,0
52,3,2,10,2,1
54,3,16,14,0,1
53,3,1,10,0,1
52,3,14,3,1,1
51,3,5,16,3,0
51,3,1,19,0,0
50,3,1,10,2,1
47,3,16,8,0,1
51,3,11,2,0,1
48,3,14,8,0,0
52,3,2,8,1,0
53,3,2,3,0,1
54,2,2,10,0,0
51,3,11,10,0,0
52,3,1,18,0,0
53,3,11,19,0,1
51,3,8,3,0,0
47,3,16,14,0,1
50,3,11,10,0,1
50,3,8,2,4,1
50,3,14,2,4,1
53,3,5,10,0,1
50,3,16,10,3,0
52,3,5,10,3,1
48,3,5,8,0,0
52,3,7,8,3,0
52,3,16,8,3,0
52,3,7,8,3,0
53,3,13,8,3,0
51,3,5,10,0,0
49,3,5,10,0,1
51,3,8,10,0,0
50,3,5,10,2,1
47,3,5,10,3,0
53,3,1,10,0,1
50,3,11,10,0,1
49,3,1,2,2,1
48,3,14,3,0,0
52,3,5,12,0,1
48,3,1,14,0,0
51,3,14,14,2,0
53,3,14,10,0,0
51,3,2,21,2,0
51,3,8,3,0,1
50,3,11,20,0,1
52,3,5,10,0,1
52,3,5,10,0,0
52,3,5,10,0,1
53,3,14,10,0,1
52,3,1,10,0,1
53,3,5,10,0,1
52,3,11,10,0,1
53,3,1,10,0,1
53,3,11,10,0,1
52,3,5,8,2,0
48,3,1,19,0,1
53,3,8,10,3,0
51,3,14,10,0,0
53,3,14,10,3,0
51,3,11,10,1,1
51,3,14,10,0,0
54,3,2,2,0,0
54,3,2,8,2,1
54,3,8,19,3,1
52,3,14,10,0,0
52,3,1,2,3,1
54,3,17,10,0,1
53,3,5,8,3,0
52,3,5,10,0,1
53,3,5,10,0,1
53,3,5,10,0,1
53,3,2,10,0,1
52,3,8,8,2,0
53,3,8,12,0,0
53,3,5,10,2,1
51,3,8,8,3,1
51,3,17,12,2,1
52,3,8,10,0,1
52,3,8,19,3,0
50,3,5,8,0,1
54,3,2,10,3,1
51,3,5,3,2,1
53,3,5,12,0,1
54,3,2,3,3,1
54,3,8,10,2,1
53,3,2,10,2,1
51,3,17,5,3,0
51,3,17,3,3,1
51,3,2,10,0,0
52,3,8,14,2,1
51,3,9,21,2,0
51,3,5,3,0,0
53,3,8,12,0,0
53,3,17,5,2,1
50,3,5,10,0,1
52,3,17,2,0,1
53,3,2,8,1,0
54,3,12,14,0,1
54,3,5,8,2,0
53,3,2,19,0,0
52,3,1,8,0,1
51,3,8,10,0,1
50,3,15,21,3,1
52,3,2,8,3,0
51,3,12,21,3,1
53,3,5,10,0,1
53,3,8,8,0,0
50,3,5,8,0,0
52,3,5,10,0,1
54,3,2,8,2,1
52,3,8,19,2,0
52,3,2,8,2,1
53,3,2,3,0,0
51,3,5,19,0,0
52,3,12,10,3,0
54,3,6,10,3,1
54,3,5,12,3,0
49,3,2,21,2,1
52,3,8,3,0,0
52,3,2,8,0,1
54,3,1,14,1,0
51,3,8,10,2,0
50,3,5,10,0,1
51,3,8,8,2,0
54,3,17,19,0,1
51,3,12,12,2,1
54,3,5,10,0,0
53,3,17,10,0,0
50,3,8,20,0,0
50,3,5,10,3,0
50,3,2,10,2,1
54,3,2,12,0,1
54,2,12,8,2,0
51,2,8,8,2,1
52,2,17,8,2,0
53,2,8,8,2,0
53,2,17,8,2,0
51,2,8,19,2,1
52,3,8,12,2,1
51,3,8,8,0,0
52,3,14,10,2,1
50,3,5,10,0,1
51,3,2,3,0,0
50,3,8,21,0,1
51,3,17,2,2,1
51,3,2,12,2,0
52,3,8,10,2,1
49,3,1,10,0,1
52,3,1,8,3,1
52,3,6,8,0,0
52,3,12,10,3,0
50,3,17,8,0,0
51,3,5,10,0,0
51,3,2,10,2,0
54,2,9,21,3,1
52,3,8,5,2,0
52,3,8,10,2,1
52,3,2,5,3,0
51,3,5,10,3,1
51,3,5,10,0,1
52,3,8,8,2,1
54,3,17,12,0,1
51,3,2,5,0,0
54,3,17,10,0,1
54,3,6,10,3,1
51,3,12,21,0,1
43,3,17,12,2,0
53,3,14,14,2,1
52,3,12,5,0,0
52,3,2,10,0,1
52,3,17,8,2,0
53,3,6,5,0,0
52,3,1,10,3,1
51,3,8,10,0,0
51,3,12,12,3,1
52,3,5,14,2,0
51,2,3,21,2,0
48,2,9,12,3,0
54,3,2,3,2,1
52,3,17,8,0,1
52,3,14,2,0,0
52,3,6,3,0,0
51,3,6,2,0,1
52,2,2,8,3,0
54,3,17,14,0,0
51,3,2,14,2,1
52,3,14,14,0,1
53,3,8,12,2,0
53,3,1,19,1,1
52,3,14,8,2,1
51,3,8,5,3,0
52,3,6,21,3,0
52,3,14,12,2,1
54,3,12,21,3,1
51,3,11,8,3,0
52,3,8,10,0,1
53,3,12,8,2,0
52,3,17,10,0,0
51,3,5,10,2,0
54,3,14,10,2,1
51,3,8,10,0,1
54,3,15,3,2,1
52,3,17,3,0,0
52,3,2,3,0,0
52,3,8,3,0,0
52,3,17,3,0,0
52,3,8,3,0,0
53,3,2,3,0,0
51,3,17,3,0,0
52,3,12,3,0,1
51,3,8,3,0,0
53,3,12,5,0,1
54,3,12,10,2,1
54,3,17,10,2,0
54,3,8,8,3,1
54,3,9,8,3,0
50,3,17,12,0,0
50,3,5,10,0,0
54,3,17,12,0,1
52,3,8,10,2,1
52,3,8,10,0,0
38,3,8,19,2,0
52,3,2,3,0,0
50,3,2,16,3,0
53,3,8,10,2,1
51,3,8,10,2,1
53,3,5,10,0,1
50,3,14,10,0,0
54,3,2,8,0,0
52,3,8,14,0,1
51,3,2,14,3,1
51,3,8,12,0,0
54,3,17,10,2,1
51,3,2,8,2,1
51,3,2,14,0,0
52,3,8,14,2,1
53,3,14,14,0,1
52,3,8,10,0,0
51,3,5,10,0,0
53,3,5,19,0,0
53,3,2,12,0,0
53,3,8,19,0,0
51,3,8,10,0,1
53,3,5,10,0,0
53,3,8,10,2,1
53,3,14,10,3,1
54,3,2,8,0,0
52,3,8,8,0,0
52,3,8,8,0,0
52,3,8,10,0,1
50,3,2,12,2,0
51,3,2,12,2,0
51,3,12,8,3,1
51,3,5,8,0,0
54,3,12,10,2,1
52,3,8,8,2,1
54,3,17,10,2,0
54,2,17,10,3,1
52,2,17,10,0,1
48,3,8,10,0,0
51,3,2,10,0,0
53,3,17,10,2,1
52,3,8,8,0,0
53,3,8,10,0,1
52,3,17,5,0,0
54,3,6,21,3,0
52,3,2,8,2,0
53,3,8,19,0,0
50,3,5,14,0,0
52,3,8,10,2,1
53,3,8,16,2,0
53,3,8,10,3,0
53,3,8,12,2,1
52,3,2,10,2,0
52,3,8,10,3,0
51,3,8,12,2,0
52,3,2,8,0,1
54,3,2,19,2,0
54,3,6,3,2,0
49,3,2,3,2,0
54,3,9,2,0,0
54,3,2,2,0,0
54,3,17,8,2,0
52,3,8,10,2,0
52,3,6,10,0,1
54,3,12,10,3,1
51,3,2,2,0,1
51,3,2,2,0,0
53,3,2,10,3,1
51,3,2,8,2,1
49,3,1,10,0,0
51,3,11,10,0,1
52,3,2,5,0,0
53,3,14,8,2,1
53,3,17,8,2,1
54,3,8,10,2,1
51,3,11,10,0,0
50,3,5,10,0,1
52,3,8,10,0,0
54,3,17,12,2,1
53,3,2,10,0,0
52,3,17,8,2,1
52,3,17,21,0,1
51,3,2,5,0,1
51,3,17,10,0,0
52,3,14,2,0,0
51,3,6,10,3,0
52,3,2,21,3,1
51,3,2,21,0,0
52,3,8,3,2,1
51,3,8,8,2,1
54,3,17,19,0,1
54,3,8,3,3,1
51,3,5,8,2,0
51,3,5,10,3,1
50,3,8,12,2,1
52,3,8,10,3,0
51,3,9,10,3,1
51,3,9,8,0,0
52,3,8,8,0,0
50,3,2,21,2,1
52,3,2,8,3,0
53,2,9,21,3,0
50,3,2,3,0,0
51,3,5,12,0,0
53,3,8,12,0,0
53,3,17,12,0,0
53,3,17,8,0,0
52,3,17,8,0,1
52,3,2,8,0,0
52,3,17,8,0,0
53,3,2,8,0,0
51,3,8,8,0,1
52,3,17,8,0,0
51,3,17,8,0,0
52,3,2,8,0,1
52,3,17,8,0,0
52,3,8,8,0,0
52,3,17,8,0,1
51,3,8,8,0,0
52,3,8,8,0,0
52,3,8,19,0,0
52,3,8,14,0,1
46,3,6,8,3,1
54,3,8,19,0,0
52,3,8,20,0,0
51,3,5,19,0,0
51,3,17,19,0,0
51,3,8,12,3,0
51,3,8,10,2,1
51,3,5,8,0,0
51,3,5,8,0,0
51,3,2,10,0,1
53,3,2,10,0,1
51,3,5,20,3,0
53,3,17,5,0,0
54,3,2,19,2,0
51,2,12,14,3,1
51,3,17,8,0,0
49,3,14,8,0,0
51,3,17,3,0,1
50,3,2,10,2,0
53,3,9,21,3,0
52,3,12,8,3,1
48,3,17,8,3,0
54,3,12,21,2,1
51,3,17,19,0,1
51,3,8,19,0,0
51,3,2,10,0,1
52,3,2,10,3,0
53,3,17,10,2,1
54,3,8,12,2,0
51,3,8,12,0,1
54,3,8,19,0,0
54,2,6,14,3,1
50,3,17,12,3,0
53,3,5,10,2,1
51,3,5,10,0,1
53,3,17,8,0,0
54,3,8,12,0,1
51,3,1,12,0,0
53,3,12,19,2,0
51,3,6,10,2,0
48,3,11,8,0,0
54,3,2,10,0,0
53,3,8,10,2,1
52,3,8,10,0,0
54,2,9,10,3,0
52,3,8,3,0,1
51,3,17,8,3,1
51,3,2,8,0,0
51,3,2,8,0,0
51,3,8,8,0,0
50,3,14,10,2,1
51,3,8,8,0,0
51,3,8,8,0,0
51,3,2,14,2,0
50,3,11,8,0,1
53,3,12,10,2,0
51,3,17,5,2,1
53,3,16,10,0,1
51,3,5,8,1,1
54,2,18,8,3,0
51,3,2,5,0,1
53,3,2,3,0,0
50,3,14,3,0,0
51,3,8,8,2,1
54,3,2,21,2,1
52,3,8,10,2,0
54,2,15,6,3,0
51,2,6,6,3,0
54,2,15,10,2,0
54,3,2,19,2,1
53,3,8,14,2,1
51,3,2,10,2,1
51,3,5,8,0,1
52,3,8,8,0,0
54,3,8,8,0,1
51,3,17,5,0,1
50,3,2,21,3,1
52,3,17,19,0,0
53,3,5,18,2,0
53,3,14,12,0,1
53,3,2,10,2,1
52,3,2,10,2,0
54,3,8,19,2,0
54,3,17,2,0,0
53,3,17,2,0,0
51,3,2,8,3,1
53,3,2,10,2,1
48,3,8,6,4,0
52,3,17,2,0,0
53,3,8,10,0,1
52,3,8,14,2,1
52,3,8,5,0,1
53,3,2,5,0,0
51,3,14,5,0,1
51,3,8,14,0,0
53,3,8,12,0,1
52,3,14,10,0,1
53,3,8,8,2,0
52,3,12,10,2,1
53,3,2,10,3,1
52,3,8,10,0,0
51,3,8,8,2,0
53,3,5,17,3,1
51,3,8,10,2,0
52,3,8,8,0,0
52,3,8,8,0,0
52,3,12,2,3,0
52,3,8,10,0,0
51,3,2,21,0,0
51,3,8,21,0,0
52,3,11,10,2,0
51,3,6,21,0,0
52,3,2,2,3,0
54,3,8,19,2,0
54,3,9,8,3,1
53,3,12,8,0,1
50,3,17,8,3,1
54,3,15,10,3,0
53,3,6,10,3,0
51,3,12,12,0,0
50,3,14,21,0,1
54,3,2,12,2,1
51,3,8,3,0,1
51,3,14,12,0,1
51,3,8,10,2,0
51,2,6,2,2,1
51,3,2,5,2,0
52,3,17,5,2,0
52,3,2,10,2,0
53,3,6,21,2,1
52,3,2,10,2,1
52,3,1,10,2,0
52,3,8,10,2,0
52,3,8,8,3,0
51,3,2,3,0,1
53,3,5,19,2,0
51,3,8,10,0,1
53,2,6,8,3,1
50,3,8,6,2,0
54,3,2,19,0,1
52,3,8,19,2,0
51,3,8,2,0,1
51,3,5,21,0,0
50,3,2,5,2,1
51,3,14,10,0,1
51,3,5,3,3,0
51,3,8,16,3,1
51,3,2,2,4,1
53,3,17,8,2,1
51,3,8,14,2,1
52,3,8,10,0,0
50,3,2,8,0,1
54,3,2,8,0,1
54,3,15,10,2,0
42,3,2,10,2,0
51,3,17,16,0,0
51,3,8,21,0,0
51,3,5,10,3,0
53,3,2,5,2,1
53,3,2,12,0,1
51,3,2,10,2,1
53,3,6,10,3,1
54,3,8,10,0,0
53,3,8,12,0,0
54,3,2,12,0,0
51,3,2,8,2,0
53,3,2,10,0,1
54,3,6,8,0,0
53,3,8,14,0,0
53,3,8,10,0,1
50,3,14,8,0,0
54,3,6,21,3,0
50,3,17,3,0,1
51,3,8,5,0,0
54,3,17,21,0,0
52,3,12,10,2,0
54,3,17,10,0,1
54,3,2,8,2,0
52,3,8,8,0,0
54,3,2,8,0,0
54,3,17,10,0,1
53,3,14,10,0,1
53,3,8,10,0,1
52,3,8,8,0,0
51,3,5,19,2,0
48,3,5,8,0,0
48,3,1,10,2,1
52,3,17,3,0,1
51,3,5,10,0,0
53,3,8,10,0,1
53,3,8,12,2,1
53,3,8,10,1,1
53,3,8,10,0,1
51,3,5,10,0,1
53,3,5,10,2,0
50,3,5,10,0,0
51,3,5,10,0,0
53,3,5,10,0,0
50,3,8,10,0,1
51,3,5,10,0,1
53,3,5,10,0,0
50,3,8,10,0,1
50,3,11,10,0,0
53,3,14,10,0,1
53,3,11,10,0,1
51,3,5,10,0,1
51,3,5,10,0,0
51,3,5,10,0,1
48,3,5,10,0,0
51,3,14,8,2,1
47,3,5,8,0,0
51,3,5,2,0,1
52,3,1,2,0,0
53,3,8,0,0,1
51,3,5,12,0,0
51,3,8,5,2,1
52,3,17,12,0,1
53,3,8,10,0,1
53,3,8,10,0,1
52,3,14,10,0,0
53,3,8,10,0,1
53,3,8,10,0,0
52,3,2,10,0,0
48,3,14,10,2,0
48,3,8,10,2,0
50,3,14,10,2,1
51,3,5,12,0,0
52,3,11,12,0,0
51,3,5,20,0,0
51,3,8,21,0,0
51,3,5,10,0,0
50,3,8,10,0,0
51,3,17,10,0,0
51,3,5,10,0,1
49,3,5,10,0,1
52,3,17,8,0,0
51,3,5,10,0,1
48,3,11,10,2,1
49,3,5,14,0,0
50,3,8,14,0,1
52,3,17,14,0,0
54,3,2,14,0,1
51,3,1,8,0,1
52,3,1,8,0,0
53,3,16,8,0,0
53,3,1,8,0,0
53,3,1,8,0,0
54,3,7,8,0,0
51,3,16,8,0,0
49,3,5,10,0,1
51,3,5,18,0,1
52,3,2,14,0,0
52,3,14,8,2,0
51,3,5,10,2,1
50,3,2,21,0,0
51,3,5,8,0,1
53,3,1,8,0,1
50,3,14,8,2,0
51,3,8,8,2,1
49,3,14,8,2,0
51,3,8,8,0,1
51,3,14,8,0,1
51,3,8,8,2,1
51,3,8,12,2,1
50,3,5,8,2,0
51,3,5,8,2,1
50,3,14,8,2,0
51,3,5,8,0,1
52,3,1,8,0,1
51,3,5,8,0,1
52,3,12,5,0,1
50,3,5,19,0,1
50,3,5,10,0,0
54,3,7,8,0,1
53,3,16,8,0,0
50,3,5,21,0,1
51,3,8,10,0,1
52,3,2,3,2,0
52,3,2,12,0,0
53,3,8,12,0,0
54,3,8,12,0,1
54,3,8,12,0,1
51,3,2,12,0,0
53,3,8,12,0,0
54,3,5,12,0,1
50,3,5,8,0,1
52,3,8,12,0,0
50,3,5,8,0,0
51,3,14,8,0,1
54,3,2,21,2,1
51,3,11,8,0,1
53,3,11,8,0,1
51,3,5,10,0,0
48,3,5,8,0,0
51,3,8,10,0,1
50,3,14,18,2,0
51,3,17,8,0,0
47,3,5,10,0,1
50,3,5,10,0,0
51,3,8,19,2,0
51,3,5,10,0,1
51,3,5,10,0,0
47,3,5,8,0,1
51,3,5,16,0,1
53,3,8,16,0,1
51,3,5,10,0,1
51,3,14,8,0,1
51,3,8,10,0,1
48,3,11,10,0,1
53,3,5,8,0,1
53,3,5,8,0,1
53,3,5,8,0,1
50,3,14,8,0,1
53,3,5,8,0,1
52,3,16,8,0,0
50,3,5,18,0,1
48,3,14,10,0,1
52,3,11,10,0,1
52,3,1,10,0,1
54,3,7,10,0,1
50,3,5,10,0,1
52,3,8,5,0,1
50,3,5,6,0,1
52,3,14,8,0,0
50,3,5,10,0,0
51,3,5,8,0,1
50,3,5,8,0,0
51,3,5,8,0,1
52,3,7,8,0,0
50,3,1,10,0,0
53,3,1,8,0,1
50,3,14,8,0,1
52,3,8,10,0,0
51,3,1,10,0,1
50,3,5,10,0,1
51,3,5,10,0,0
54,3,11,10,0,1
48,3,11,10,0,0
53,3,17,8,3,1
51,3,8,12,0,1
54,3,2,14,0,1
53,3,8,14,0,1
51,3,8,14,0,1
51,3,8,10,0,1
50,3,11,10,0,1
52,3,2,21,2,1
50,3,14,10,0,1
50,3,5,10,0,1
52,3,8,5,0,1
49,3,11,10,0,1
49,3,11,10,0,1
49,3,5,10,0,0
51,3,5,12,0,0
52,3,5,14,0,0
50,3,5,10,0,0
51,3,14,3,2,0
51,3,8,12,0,1
50,3,14,10,0,0
53,3,8,3,2,1
51,3,5,10,0,1
51,3,5,10,0,0
53,3,14,14,0,1
53,3,8,10,0,0
51,3,11,10,0,1
51,3,17,3,2,1
51,3,14,8,0,1
50,3,8,12,0,1
51,3,5,14,0,0
51,3,8,14,0,0
50,3,14,16,0,1
53,3,11,8,0,0
51,3,11,10,0,1
51,3,8,8,0,1
52,3,5,10,0,0
53,3,1,10,0,0
50,3,11,10,0,1
50,3,11,10,0,0
50,3,5,10,0,1
48,3,14,10,0,0
50,3,11,10,0,1
51,3,5,10,0,0
53,3,1,10,0,1
53,3,14,10,2,1
50,3,5,12,0,1
47,3,14,10,0,0
50,3,11,8,0,1
50,3,1,8,0,1
52,3,8,12,0,0
49,3,14,8,0,1
53,3,8,10,0,0
49,3,11,19,0,1
50,3,5,8,0,1
51,3,5,8,0,0
53,3,5,8,0,0
50,3,5,8,0,0
53,3,8,14,0,0
51,3,14,10,0,1
51,3,17,10,0,0
52,3,8,10,0,0
50,3,8,10,3,1
50,3,14,3,2,0
50,3,14,3,0,0
51,3,5,3,0,1
51,3,8,3,0,1
50,3,5,10,0,0
51,3,14,10,0,0
51,3,8,8,2,1
52,3,2,10,0,0
51,3,11,12,0,1
54,3,17,16,0,1
51,3,5,14,0,0
50,3,14,10,0,1
51,3,11,10,0,1
54,3,11,8,0,1
51,3,1,10,0,1
54,3,8,10,0,1
51,3,5,10,0,1
50,3,5,10,0,0
50,3,8,10,0,1
53,3,5,8,3,0
51,3,1,10,0,1
51,3,5,10,0,1
50,3,5,12,0,1
50,3,5,8,0,0
51,3,5,12,0,0
51,3,5,8,0,1
53,3,8,8,2,1
53,3,17,8,2,0
52,3,17,8,2,1
47,3,11,8,0,0
53,3,5,8,0,1
53,3,8,8,0,1
52,3,14,8,0,1
51,3,8,10,0,1
50,3,5,10,0,0
50,3,5,10,0,1
51,3,5,10,0,1
51,3,5,10,0,0
51,3,5,10,0,1
52,3,1,8,0,1
52,3,8,12,0,0
51,3,8,8,2,1
49,3,8,10,2,1
51,3,8,12,0,0
51,3,8,8,0,0
51,3,14,10,0,1
51,3,11,8,0,0
51,3,5,10,0,1
51,3,1,10,0,0
50,3,8,8,0,1
51,3,5,3,0,1
51,3,1,8,0,0
50,3,8,10,2,1
51,3,8,8,0,1
50,3,11,10,0,0
50,3,8,2,0,1
51,3,17,14,2,0
52,3,17,0,0,1
54,3,11,10,0,1
50,3,5,10,0,1
52,3,1,12,0,0
53,3,5,12,3,0
54,3,8,14,0,1
53,3,8,12,0,0
53,3,5,10,0,1
53,3,5,10,0,1
51,3,5,10,0,1
51,3,5,3,0,1
51,3,1,16,0,0
48,3,14,6,0,1
52,3,8,6,0,1
51,3,14,6,0,1
51,3,8,6,0,1
51,3,11,6,0,1
51,3,5,6,0,1
52,3,1,10,0,1
51,3,8,3,0,1
48,3,14,10,2,1
50,3,8,3,2,1
54,3,12,10,0,0
53,3,2,16,0,0
48,3,5,10,0,0
49,3,5,10,0,0
52,2,8,14,0,0
53,2,17,6,0,1
53,2,2,6,0,1
51,3,17,8,0,1
52,3,11,3,0,0
51,3,16,10,2,0
52,3,11,10,1,1
52,3,11,19,0,0
51,3,1,19,0,0
51,3,1,10,0,1
52,3,8,6,0,1
48,3,5,8,0,0
51,3,2,12,2,0
50,3,1,8,0,1
51,3,5,8,0,1
52,3,1,10,0,1
52,3,8,10,2,0
52,3,8,8,0,1
50,3,5,8,0,1
50,3,11,8,0,1
50,3,5,8,0,1
51,3,5,8,0,1
50,3,5,8,0,1
52,3,1,10,0,0
54,3,11,8,0,1
51,3,5,8,0,1
50,3,14,8,0,1
52,3,1,10,0,0
53,3,1,10,0,0
50,3,5,8,0,1
51,3,1,8,0,1
50,3,11,8,0,1
50,3,5,8,0,1
53,3,5,8,0,1
51,3,11,8,0,1
51,3,11,8,0,1
50,3,8,8,0,1
53,3,7,10,0,0
53,3,16,10,0,0
53,3,7,10,0,1
52,3,1,10,0,0
52,3,8,8,0,0
50,3,5,10,0,0
51,3,8,10,0,1
51,3,8,2,0,0
54,3,17,5,0,1
51,3,5,8,0,1
51,3,5,8,0,1
50,3,5,8,0,1
48,3,5,8,0,0
48,3,11,8,0,1
47,3,5,8,0,1
51,3,5,8,0,1
51,3,5,8,0,1
46,3,11,8,0,1
51,3,5,8,0,1
50,3,5,8,0,0
51,3,5,8,0,1
50,3,11,8,0,1
50,3,1,8,0,1
51,3,5,8,0,1
51,3,5,8,0,1
51,3,14,8,0,1
51,3,2,5,0,1
53,3,1,12,0,1
53,3,1,12,0,0
53,3,1,12,0,0
51,3,8,10,0,1
51,3,5,10,0,0
51,3,14,10,0,1
54,3,8,10,0,1
53,3,2,12,2,1
50,3,5,10,0,0
51,3,2,19,2,0
51,3,17,10,0,1
53,3,14,8,2,0
52,3,2,21,0,1
52,3,8,10,0,1
50,3,5,2,0,0
51,3,11,10,0,0
50,3,14,8,0,0
53,3,5,10,2,1
52,3,11,19,3,0
50,3,2,10,0,1
52,3,14,10,2,1
51,3,5,17,0,1
50,3,5,12,0,0
51,3,5,10,0,0
51,3,2,12,2,1
51,3,5,10,0,1
49,3,5,10,0,0
51,3,5,3,0,1
53,3,5,8,0,0
52,3,8,19,0,1
50,3,5,10,0,0
51,3,14,10,0,0
51,3,14,3,0,1
50,3,8,3,0,1
50,3,8,10,2,1
49,3,8,10,0,0
53,3,8,10,0,0
49,3,14,8,0,0
51,3,8,8,2,1
54,3,1,10,0,1
51,3,11,10,2,1
50,3,8,10,0,1
52,3,11,10,0,1
52,3,8,10,0,1
50,3,14,10,0,0
54,3,17,10,0,0
49,3,8,10,1,1
51,3,14,10,0,0
51,3,8,10,0,0
51,3,14,2,0,0
50,3,8,10,0,1
53,3,5,12,0,1
51,3,8,10,2,1
51,3,17,10,2,1
53,3,8,10,0,1
50,3,2,10,0,0
51,3,2,14,1,1
50,3,5,10,3,0
51,3,5,8,0,1
51,3,17,10,0,1
51,3,2,20,3,1
52,3,8,10,0,0
52,3,8,14,2,1
52,3,2,10,2,0
52,3,2,10,2,0
51,3,17,14,0,0
52,3,8,14,1,0
50,3,8,14,0,1
50,3,14,14,0,0
51,3,14,14,0,0
50,3,14,14,0,1
54,3,1,14,0,1
53,3,14,8,3,0
52,3,8,14,0,0
51,3,8,14,0,0
51,3,8,14,0,0
52,3,17,14,0,0
50,3,1,10,0,1
54,3,17,8,2,1
52,3,8,14,2,1
52,3,8,10,0,0
50,3,8,19,0,0
52,3,17,10,2,1
53,3,5,8,2,0
53,3,6,8,0,0
51,3,14,10,0,1
51,3,5,10,3,1
51,3,12,12,0,1
53,3,5,10,0,1
53,3,11,10,0,0
53,3,17,10,3,1
54,3,8,12,2,1
50,3,14,8,2,1
53,3,5,10,0,1
51,3,17,3,2,1
52,3,14,10,0,1
50,3,2,12,0,1
52,3,8,3,0,0
51,3,2,10,3,0
53,3,5,8,2,1
51,3,8,21,0,0
51,3,17,16,2,1
53,3,2,10,2,1
50,3,5,8,0,1
52,3,6,10,2,1
53,3,8,12,0,1
50,3,8,8,2,1
52,3,17,10,0,1
51,3,17,10,0,1
51,3,2,10,0,1
51,3,5,8,0,1
51,3,1,10,0,1
51,3,8,10,0,0
52,3,8,8,0,1
52,3,17,8,0,0
53,3,8,10,2,1
51,3,5,14,0,0
54,3,8,8,0,1
50,3,8,10,2,1
53,3,5,14,3,1
51,3,14,8,0,1
51,3,5,10,2,1
53,3,6,21,2,1
51,3,8,10,3,0
53,3,8,12,0,0
50,3,14,16,0,0
53,3,2,12,0,0
50,3,8,10,0,1
53,3,8,10,0,1
51,3,6,21,1,0
52,3,8,10,0,1
50,3,5,10,0,0
49,3,14,8,0,1
53,3,8,8,0,0
50,3,14,8,0,0
50,3,8,8,3,1
53,3,17,8,0,0
50,3,8,8,0,0
51,3,8,8,3,1
47,3,14,10,0,1
50,3,2,10,0,1
51,3,6,10,3,0
51,3,8,10,2,1
53,3,12,10,2,0
53,3,2,10,2,0
50,3,5,8,0,1
52,3,12,8,3,0
48,3,5,8,0,0
51,3,8,10,0,0
52,3,2,1,0,0
52,3,8,14,2,1
51,3,17,10,2,1
54,3,5,8,0,1
53,3,5,8,0,1
53,3,5,8,0,1
53,3,5,8,0,1
53,3,5,8,0,1
51,3,8,2,0,1
52,3,8,10,2,1
50,3,5,8,0,1
52,3,2,8,0,0
51,3,8,8,0,1
53,3,2,10,2,1
53,3,14,8,2,1
52,3,1,10,3,0
51,3,5,10,0,1
53,3,8,10,0,1
52,3,2,10,2,1
52,3,2,10,0,0
53,3,2,10,2,0
50,3,2,12,0,0
51,3,8,10,0,1
51,3,17,10,0,1
50,3,2,14,0,1
54,3,15,8,3,1
51,3,11,16,0,0
50,3,8,5,0,1
51,3,17,5,0,1
53,3,2,10,2,0
53,3,6,12,3,1
51,3,8,10,0,1
54,3,2,10,0,1
50,3,8,10,2,1
51,3,8,8,0,0
53,3,8,10,3,1
52,3,8,10,0,1
50,3,8,8,0,0
51,3,5,10,2,1
53,2,8,12,2,0
52,3,17,14,2,1
52,3,14,10,2,0
52,3,11,8,0,1
50,3,8,8,0,1
50,3,5,8,0,0
52,3,5,8,3,1
53,3,5,8,3,0
51,3,2,14,0,0
50,3,17,0,0,0
51,3,8,10,2,1
52,3,8,12,0,1
51,3,14,8,0,1
54,2,15,21,2,0
53,3,8,12,3,0
52,3,2,10,0,1
50,3,8,8,0,1
54,3,6,10,2,0
51,3,14,8,0,1
53,3,2,10,2,1
50,3,8,10,0,1
51,3,8,10,0,1
53,3,2,10,0,1
51,3,14,10,3,0
54,3,2,10,2,1
52,3,8,8,2,1
51,3,5,8,0,1
49,3,5,8,0,0
53,3,17,8,0,0
50,3,5,8,0,1
50,3,8,10,0,1
51,3,5,8,0,0
53,3,2,12,3,1
54,3,12,12,3,1
53,3,2,10,2,1
53,3,8,10,2,0
52,3,17,10,2,1
52,3,2,3,2,0
53,3,12,3,2,1
52,3,2,3,2,0
51,3,17,3,2,1
51,3,2,3,3,1
53,3,5,3,0,1
53,3,11,3,0,0
53,3,17,12,3,1
54,3,2,5,0,0
51,3,8,3,0,1
50,3,8,10,0,1
50,3,8,8,0,0
51,3,5,8,0,1
50,3,8,8,0,1
54,3,8,19,0,1
52,3,2,10,0,0
52,3,8,10,0,1
54,3,8,12,0,0
53,3,8,8,0,1
51,3,17,2,2,1
51,3,8,10,0,1
50,3,8,20,0,0
52,3,1,10,0,1
53,3,2,20,1,1
50,3,14,8,0,1
50,3,8,8,0,1
51,3,8,10,0,1
51,3,17,10,0,1
51,3,8,8,2,1
51,3,2,5,0,1
47,3,14,10,2,1
52,3,17,10,2,1
53,3,2,10,2,1
52,3,5,10,2,0
51,3,12,5,2,1
50,3,2,10,3,1
50,3,6,10,3,0
50,3,14,10,0,0
51,3,8,10,0,1
51,3,5,8,0,1
50,3,5,8,0,0
54,3,14,8,0,1
50,3,5,21,0,0
53,3,5,8,0,0
54,2,12,12,0,1
52,3,8,10,2,0
51,3,14,10,2,1
51,3,14,10,2,1
53,3,14,10,1,1
51,3,8,8,3,1
50,3,1,8,0,0
51,3,12,14,3,0
51,3,14,10,2,0
48,3,8,10,2,0
53,3,14,10,0,0
50,3,5,10,0,0
51,3,5,10,0,1
52,3,17,8,2,0
51,3,2,10,2,1
51,3,14,8,2,1
50,3,14,10,0,0
53,3,5,8,0,1
50,3,14,10,0,1
51,2,6,12,0,1
54,2,15,10,0,1
51,2,12,12,0,1
52,2,6,8,0,0
50,2,15,10,0,1
51,2,15,12,0,1
50,2,6,12,0,1
52,2,6,10,2,1
50,2,6,8,0,1
51,2,9,12,3,1
52,2,9,12,0,1
51,2,6,8,0,1
51,2,6,12,0,1
52,3,2,12,2,1
50,3,14,8,0,0
52,3,11,10,0,1
52,3,5,10,3,0
52,3,14,12,0,1
50,3,2,8,0,1
54,3,8,10,0,1
50,3,5,3,0,1
51,3,5,3,0,1
52,3,14,14,0,1
52,3,2,8,0,1
48,3,8,8,2,0
54,3,2,10,0,1
54,3,2,10,0,1
51,3,8,10,2,1
54,3,8,10,0,1
48,3,8,10,2,1
51,3,1,10,0,1
50,3,2,12,3,0
53,3,2,12,3,0
53,3,2,2,0,1
52,3,17,2,0,1
51,3,8,10,0,0
51,3,17,10,0,1
52,3,14,12,0,0
53,3,8,10,2,1
49,3,5,8,2,0
52,3,14,12,0,0
48,3,14,8,0,1
51,3,8,10,2,1
49,3,14,8,0,0
50,3,5,8,0,0
47,3,5,8,0,0
53,3,8,8,0,0
51,3,5,8,0,1
48,3,5,8,0,0
51,3,8,8,0,1
50,3,8,8,0,0
51,3,8,8,0,1
50,3,14,8,0,1
53,3,2,19,3,0
53,3,6,21,2,1
51,3,6,21,2,1
51,3,5,8,2,1
50,3,8,8,0,0
50,3,8,8,0,0
51,3,5,8,0,1
50,3,8,10,0,1
50,3,14,10,0,1
48,3,14,10,0,0
51,3,14,8,2,1
50,3,14,8,0,1
50,3,8,8,0,0
50,3,8,8,0,1
50,3,8,8,0,1
50,3,8,8,0,1
51,3,14,8,0,1
50,3,14,8,0,1
51,3,17,10,0,1
52,3,5,10,0,0
53,3,14,8,0,0
51,3,8,8,0,0
54,3,6,12,2,1
52,3,2,10,0,1
52,3,5,8,0,1
50,3,6,8,0,0
51,3,5,8,0,1
51,3,8,0,0,1
53,3,5,0,0,1
52,3,17,8,0,0
53,3,5,10,0,1
53,3,11,10,0,1
48,3,8,8,0,0
53,3,2,12,0,0
53,3,8,19,0,1
51,3,8,19,0,1
51,3,1,10,2,0
52,3,5,10,2,1
51,3,5,8,2,1
51,3,8,8,2,1
50,3,5,8,3,1
50,3,5,8,2,1
54,3,5,12,0,0
53,3,8,10,0,1
53,3,12,10,2,1
52,3,2,12,3,0
51,3,2,12,0,0
51,3,2,12,3,1
53,3,11,10,0,1
54,3,8,10,2,1
54,3,2,10,2,1
51,3,8,10,0,1
50,3,8,10,0,0
54,3,12,8,3,0
51,3,8,10,3,1
54,3,2,14,2,0
53,3,14,10,0,0
53,3,5,10,2,1
53,3,5,10,2,1
50,3,8,10,0,1
49,3,14,3,0,1
50,3,14,3,0,1
54,3,17,5,0,1
51,3,8,6,2,1
51,3,11,10,0,0
52,3,5,10,0,0
52,3,8,10,3,0
53,3,14,14,0,1
52,3,5,10,0,0
53,3,14,10,2,1
53,3,5,10,2,1
53,3,8,3,0,1
51,3,8,3,0,1
51,3,8,16,0,0
50,3,14,8,0,1
52,3,2,8,0,1
54,3,11,10,0,0
52,3,1,10,2,0
49,3,11,8,0,1
51,3,12,21,3,0
51,3,5,16,2,0
54,3,8,12,0,0
52,3,2,12,0,0
51,3,2,10,0,1
50,3,8,10,0,1
52,3,8,5,3,1
52,3,2,10,0,0
53,3,1,10,0,1
52,3,14,10,0,1
52,3,11,8,0,1
51,3,17,10,2,1
53,3,14,10,2,1
51,3,2,10,3,1
51,3,8,10,3,0
50,3,17,10,2,1
53,3,12,12,0,1
51,3,8,10,2,1
51,3,6,3,2,1
50,3,2,8,2,1
50,3,2,10,3,0
51,3,14,8,2,0
50,3,14,8,2,0
50,3,5,10,0,1
50,3,8,10,0,1
50,3,14,10,0,1
50,3,14,10,0,1
50,3,8,10,0,1
51,3,8,8,0,1
52,3,2,10,3,0
53,3,8,16,1,1
52,3,6,10,0,1
51,3,1,12,0,0
51,3,8,3,3,1
51,3,8,3,3,1
54,3,14,12,3,1
51,3,8,10,0,1
51,3,14,8,0,1
54,3,12,19,3,1
53,3,2,10,2,0
50,3,12,12,2,0
52,3,12,10,2,1
51,3,14,8,0,1
51,3,14,10,1,0
52,3,11,20,0,0
53,3,8,10,0,0
53,3,1,10,2,1
50,3,5,8,2,0
51,3,5,5,0,1
50,3,1,5,0,1
51,3,11,5,0,1
52,3,5,3,2,1
53,3,17,8,0,1
47,3,1,10,0,1
49,3,16,8,0,1
47,3,11,8,0,0
51,3,16,10,0,1
50,3,7,12,0,1
45,3,1,2,0,0
52,3,1,2,0,1
49,3,1,2,0,1
53,3,17,12,0,0
51,3,8,10,2,0
51,3,17,10,0,0
50,3,14,10,0,0
51,3,5,3,0,1
51,3,5,8,2,0
53,3,8,21,0,1
51,3,5,8,0,0
47,3,11,10,0,1
52,3,11,8,0,0
53,3,5,5,0,1
50,3,14,19,2,1
49,3,14,2,0,0
47,3,11,10,3,1
53,3,2,10,0,1
53,3,8,10,0,1
51,3,2,10,0,1
52,3,11,10,0,0
52,3,11,10,2,0
50,3,11,8,0,1
50,3,1,8,0,1
50,3,8,14,2,0
51,3,8,10,0,0
49,3,5,2,0,0
52,3,8,10,0,0
51,3,17,10,2,1
51,3,5,10,2,0
53,3,5,8,2,0
50,3,14,10,0,1
48,3,16,10,0,1
51,3,14,10,0,0
50,3,16,19,0,0
52,3,5,8,0,0
50,3,5,14,0,1
50,3,1,2,0,1
48,3,5,8,0,1
47,3,16,10,0,0
50,3,14,8,0,0
53,3,14,10,0,1
53,3,1,16,0,0
51,3,5,2,0,0
49,3,1,3,0,0
48,3,1,10,0,0
52,3,5,10,0,1
51,3,5,10,0,0
51,3,5,2,0,1
54,3,2,10,0,0
51,3,5,8,0,1
54,3,5,21,2,1
49,3,1,10,0,0
52,3,11,10,0,1
54,3,5,19,0,1
54,3,8,20,0,0
54,3,2,3,0,0
54,3,8,10,0,0
53,3,8,14,3,0
53,3,5,10,0,1
50,3,14,10,0,1
54,3,17,8,0,0
52,3,5,8,0,0
53,3,14,12,0,0
52,3,5,12,0,0
51,3,5,8,0,1
51,3,10,10,0,0
48,3,7,8,0,1
48,3,7,10,0,1
53,3,11,8,2,0
48,3,11,8,0,0
52,3,14,8,0,0
50,3,1,3,0,1
53,3,6,10,2,1
54,3,8,12,0,1
50,3,5,14,1,0
50,3,14,19,0,0
52,3,2,21,2,1
50,3,7,10,2,1
49,3,11,10,3,1
51,3,5,5,0,1
52,3,8,8,0,0
50,3,5,14,0,0
51,3,1,8,0,1
54,3,11,10,0,0
54,3,5,10,0,1
52,3,8,3,2,1
51,3,8,14,2,0
51,3,5,3,0,0
53,3,2,10,2,1
51,3,8,8,0,0
50,3,8,10,0,1
48,3,1,16,0,0
51,3,5,10,0,0
53,3,8,12,2,0
52,3,14,8,0,1
51,3,8,8,2,0
52,3,2,3,0,1
47,3,5,10,2,0
52,3,8,8,0,1
52,3,8,10,0,0
48,3,11,10,2,0
52,3,14,2,4,1
51,3,14,12,0,1
52,3,14,10,0,0
51,3,17,3,0,1
51,3,17,21,0,1
54,3,1,10,0,1
53,3,8,8,2,1
53,3,14,3,0,0
54,3,2,21,0,1
51,3,7,10,0,0
47,3,11,10,0,0
53,3,2,21,0,1
51,3,17,10,2,1
52,3,1,14,0,0
52,3,8,10,0,0
51,3,16,10,0,0
51,3,5,8,0,0
52,3,1,10,0,1
53,3,8,10,0,1
52,3,11,19,0,0
48,3,7,10,0,0
50,3,8,8,2,1
52,3,2,21,2,1
50,3,5,8,0,0
53,3,1,10,0,0
47,3,11,3,0,0
47,3,11,3,0,0
51,3,5,10,0,1
51,2,2,2,0,0
52,3,5,19,0,0
54,3,8,14,2,0
52,3,8,10,0,0
53,3,2,21,0,0
53,3,14,10,0,1
53,3,2,12,2,0
53,3,17,8,0,1
49,3,16,10,0,0
50,3,1,10,0,0
50,3,1,8,0,1
50,3,5,10,2,0
54,3,2,14,2,0
48,3,16,14,0,0
54,3,14,19,2,1
51,3,17,10,2,0
53,3,11,10,0,0
52,3,5,10,0,0
53,3,14,3,2,1
52,3,2,8,0,0
51,3,16,12,2,0
50,3,5,8,2,0
49,3,1,14,2,1
53,3,8,10,0,0
51,3,5,10,0,1
52,3,5,10,0,0
50,3,5,2,0,1
49,3,1,8,0,1
51,3,5,10,2,0
53,3,12,12,2,0
53,3,17,14,0,1
50,3,5,10,2,1
51,3,7,10,0,0
51,3,7,19,2,1
52,3,2,10,2,1
49,3,7,8,0,1
52,3,14,18,0,0
51,3,1,10,1,1
53,3,1,3,0,1
50,3,7,12,0,1
52,3,1,10,0,1
52,3,7,12,0,0
50,3,5,14,0,1
51,3,11,10,1,1
50,3,5,3,2,1
48,3,13,10,0,0
53,3,5,14,2,0
51,3,5,10,0,0
52,3,8,12,2,1
50,3,1,14,0,0
50,3,8,16,2,1
49,3,7,10,2,1
51,3,14,8,0,0
47,3,1,8,2,0
52,3,8,10,0,0
52,3,5,19,0,0
54,3,14,14,0,0
53,3,1,14,0,0
53,3,7,19,2,1
53,3,5,12,0,0
52,3,5,21,0,0
51,3,14,5,0,1
50,3,11,10,0,0
48,3,5,10,0,1
50,3,5,10,0,1
51,3,5,10,0,0
51,2,8,3,0,1
49,3,1,8,0,0
52,3,8,10,0,0
47,3,1,10,2,1
49,3,16,19,0,0
52,3,5,12,0,0
51,3,5,14,0,1
50,3,7,10,3,0
54,3,16,10,0,0
46,3,1,8,0,0
49,3,1,10,0,0
52,3,14,14,0,1
52,2,6,10,2,1
47,3,1,8,0,1
50,3,1,10,0,1
54,3,2,10,0,0
53,3,8,3,0,1
52,3,5,8,2,0
53,3,8,14,2,0
50,3,2,21,2,1
50,3,8,3,0,1
50,3,5,10,0,1
52,3,5,21,0,1
52,3,8,10,2,0
50,3,13,10,1,0
52,3,8,2,0,0
50,3,8,14,0,1
50,3,14,14,0,1
50,3,7,10,0,0
47,3,7,10,0,1
53,3,7,10,0,0
50,3,5,12,0,1
52,3,17,10,0,1
53,3,7,12,0,1
51,3,2,2,3,0
52,3,8,12,2,0
50,3,14,10,0,1
53,3,16,10,0,0
51,3,14,5,0,1
53,3,8,21,0,0
51,3,5,10,0,0
52,3,17,8,0,0
49,3,11,10,2,1
53,3,8,8,0,1
53,3,5,14,3,0
52,3,16,12,0,1
51,3,2,21,2,0
51,3,5,3,0,0
51,3,5,21,0,1
53,3,5,21,0,0
47,3,1,10,0,1
53,3,8,10,2,1
51,3,5,10,2,1
54,3,8,14,2,0
51,3,8,10,0,0
53,3,5,14,2,0
52,3,17,10,0,1
54,3,5,14,0,0
53,3,8,10,2,0
54,3,16,16,2,0
50,3,5,8,2,0
50,3,5,8,2,0
54,3,8,19,2,1
49,3,11,10,2,1
47,3,5,10,2,0
51,3,2,21,2,0
50,3,5,14,0,1
51,3,1,10,0,0
51,3,5,0,0,0
47,3,1,6,0,1
53,3,7,12,0,1
50,3,1,10,0,1
49,3,11,19,0,1
52,3,16,10,3,0
45,3,1,10,0,0
51,3,5,8,0,1
52,3,6,14,2,0
50,3,5,8,0,1
52,3,11,8,0,1
51,3,5,8,0,1
48,3,5,8,0,1
49,3,1,8,0,1
52,3,4,10,0,0
46,3,5,8,0,1
47,3,16,8,0,1
52,3,5,10,0,1
52,3,11,10,0,0
51,3,17,8,2,0
53,3,11,14,2,1
51,3,1,14,2,0
51,3,11,12,0,1
51,3,8,10,2,0
51,3,5,8,0,1
51,3,14,21,0,1
51,3,11,8,0,1
51,3,5,12,0,1
53,3,14,10,0,1
51,3,8,10,2,0
51,3,5,10,2,0
50,3,17,10,2,1
52,3,8,14,0,0
53,2,8,10,0,1
52,3,14,14,0,0
53,3,8,14,0,0
54,3,8,10,0,0
52,3,5,10,2,0
51,3,11,10,0,0
53,3,8,14,2,0
52,3,8,8,0,1
51,3,17,10,2,0
50,3,1,12,0,1
51,3,8,10,2,1
52,3,14,10,0,0
52,3,5,8,0,0
52,3,8,8,0,0
46,3,1,10,0,0
51,3,17,0,2,0
51,3,8,3,0,0
51,3,5,10,0,0
51,3,5,10,2,1
50,3,17,10,0,0
50,3,1,8,0,0
52,3,8,3,0,0
47,3,16,10,0,1
52,3,17,8,0,0
52,3,8,3,0,0
51,3,8,3,2,1
52,3,17,3,0,0
53,3,8,14,0,1
52,3,8,5,0,0
52,3,8,8,0,0
51,3,8,8,2,0
53,3,17,10,2,1
50,3,5,20,0,1
50,3,5,8,0,1
50,3,1,19,0,1
52,3,8,3,0,0
53,3,2,8,0,0
52,3,1,10,0,0
48,3,11,14,0,1
53,3,17,3,2,0
54,3,2,3,0,0
54,3,2,10,0,0
48,3,8,20,2,1
50,3,1,3,0,0
47,3,5,3,0,1
52,3,8,8,0,1
53,3,2,21,0,0
50,3,14,8,0,1
51,3,8,3,0,1
52,3,17,8,0,0
50,3,11,8,0,1
50,3,17,8,2,0
54,3,5,10,0,1
51,3,8,8,0,0
53,3,17,21,2,0
47,3,16,8,0,1
51,3,8,3,0,0
51,3,5,2,2,1
50,3,5,10,0,1
53,3,8,8,0,0
54,3,2,10,2,0
53,3,2,12,2,0
53,3,14,10,0,1
53,3,17,3,2,1
51,3,5,8,0,0
52,3,8,3,3,0
53,3,8,12,0,0
51,3,5,19,2,0
52,3,8,8,0,0
52,3,2,3,0,0
50,3,5,8,2,0
49,3,11,8,0,0
54,3,5,19,0,0
51,3,14,10,0,0
51,3,5,8,0,0
50,3,1,8,0,0
52,3,5,10,0,1
53,3,2,10,2,0
53,3,1,10,0,0
50,3,8,12,0,0
53,3,11,14,0,1
53,3,5,10,0,1
53,3,2,14,2,0
53,3,17,14,2,0
50,3,5,3,0,0
53,3,1,10,0,1
50,3,5,2,0,1
53,3,1,10,2,0
50,3,1,10,0,1
52,3,5,12,3,1
51,3,8,10,0,1
51,3,17,6,0,0
52,3,5,8,2,0
53,3,1,10,0,0
54,3,2,21,0,1
53,3,17,16,0,0
53,3,8,10,0,1
53,3,2,3,2,1
52,3,11,10,2,1
48,3,1,17,3,0
53,3,8,8,0,0
54,3,2,14,2,0
52,3,8,14,0,1
49,3,11,10,0,1
50,3,5,10,2,1
51,3,8,10,2,1
50,3,5,10,0,0
50,3,1,8,3,1
51,3,1,10,0,1
53,3,14,8,0,1
53,3,5,8,0,1
50,3,1,10,0,1
51,3,8,14,0,0
52,3,14,14,0,1
49,3,16,8,2,1
52,3,1,8,0,1
50,3,14,3,0,1
50,3,11,10,0,0
50,3,5,10,0,0
53,3,8,6,2,0
51,3,5,10,0,1
52,3,1,10,0,1
51,3,8,10,2,1
51,3,8,10,2,1
50,3,5,3,0,1
52,3,5,10,3,0
53,3,2,8,0,0
53,3,17,10,2,0
53,3,17,10,0,1
53,3,17,10,2,1
51,3,12,10,3,1
52,3,5,8,0,0
51,3,8,8,3,1
49,3,5,10,2,1
53,3,5,16,0,1
53,3,5,16,0,1
53,3,17,14,2,0
48,3,14,8,0,1
52,3,5,3,2,0
53,3,14,10,0,1
54,3,8,10,0,1
53,3,8,10,0,1
47,3,1,10,0,0
51,3,11,16,0,0
50,3,5,8,3,1
53,3,14,10,3,0
53,3,8,19,2,1
52,3,5,10,0,1
52,3,16,8,2,1
53,3,17,10,0,0
54,3,8,5,2,1
50,3,11,8,0,1
53,3,6,14,0,1
52,3,17,14,0,1
53,3,17,14,0,1
52,3,8,14,0,0
52,3,2,14,0,1
52,3,8,8,0,0
47,3,11,10,0,0
51,3,5,8,0,1
53,3,11,10,0,1
52,3,12,1,2,0
51,3,11,8,2,1
51,3,5,3,0,1
50,3,5,3,2,0
53,3,14,8,0,0
53,3,2,21,3,0
51,3,5,3,0,1
53,3,2,8,0,1
53,3,17,8,2,1
53,3,8,8,2,0
53,3,2,12,0,1
54,3,8,14,0,1
53,3,2,14,0,1
52,3,7,10,0,1
51,3,11,8,2,1
51,3,5,8,2,1
52,3,16,8,2,0
52,3,1,8,2,1
50,3,1,8,2,1
52,3,16,8,2,1
50,3,1,8,3,0
50,3,5,8,2,0
53,3,8,8,0,0
53,3,2,8,0,0
53,3,2,8,0,1
53,3,8,8,0,0
53,3,8,8,0,0
53,3,17,8,0,1
53,3,8,8,0,0
53,3,17,8,0,0
50,3,5,10,0,0
52,3,11,8,2,0
47,3,1,8,0,0
50,3,5,8,0,0
48,3,5,8,0,0
53,3,8,3,2,0
50,3,1,16,0,1
51,3,5,14,0,0
54,2,6,21,2,1
53,3,8,12,0,0
51,3,5,8,2,1
51,3,5,8,2,0
51,3,1,8,2,0
51,3,1,8,2,1
52,3,16,8,2,1
52,3,16,8,2,0
52,3,1,8,2,0
52,3,1,8,2,1
52,3,5,10,0,1
54,3,6,21,2,0
53,3,1,10,0,1
51,3,8,2,0,1
54,3,2,8,0,0
54,3,5,12,0,0
54,2,6,21,3,1
53,3,1,8,0,1
52,3,1,8,0,0
53,3,1,8,0,0
54,3,5,8,0,1
47,3,5,8,2,1
54,3,8,8,2,1
51,3,8,8,2,1
52,3,8,12,2,0
53,3,17,3,0,0
50,3,5,16,0,0
53,3,8,21,2,1
51,3,5,10,0,1
48,3,11,10,0,0
51,3,5,3,0,0
50,3,14,21,0,0
53,3,1,10,0,0
53,3,8,10,3,1
53,3,5,3,2,0
53,3,8,3,0,0
51,3,8,3,3,1
51,3,8,8,0,1
52,3,1,12,0,0
48,3,5,20,0,0
52,2,2,21,2,1
49,3,16,10,0,0
53,3,8,3,0,0
48,3,5,8,0,0
47,3,1,10,0,0
51,3,1,10,1,0
50,3,5,8,3,1
53,3,14,10,3,1
52,3,16,12,0,0
53,3,11,14,2,1
51,3,5,8,2,1
53,3,8,10,0,0
50,3,1,10,0,1
52,3,5,10,1,1
53,3,5,10,0,0
52,3,5,14,2,0
50,3,14,20,0,1
53,3,8,10,0,1
47,3,11,10,0,0
52,3,8,8,0,0
53,3,8,8,0,0
52,3,8,8,0,1
50,3,5,8,0,0
53,3,8,8,0,0
53,3,8,8,0,1
53,3,8,8,0,0
54,3,8,19,0,1
51,3,5,10,0,0
47,3,11,16,0,0
51,3,5,8,4,0
50,3,14,8,2,1
53,3,17,3,0,0
51,3,1,10,0,0
51,3,5,10,0,0
51,3,5,8,3,1
52,3,11,8,2,0
53,3,8,10,0,1
53,3,2,10,2,1
52,3,16,10,0,1
50,3,14,14,2,0
54,3,8,14,2,0
54,3,2,21,0,0
51,3,6,2,0,0
54,3,7,10,0,1
53,3,14,10,0,0
53,3,8,8,0,0
51,3,2,21,3,1
51,3,2,21,3,0
51,3,2,21,3,0
50,3,2,21,3,1
53,3,8,10,2,0
50,3,1,19,0,0
54,2,17,10,3,1
47,3,1,10,0,1
53,3,11,8,0,1
51,3,5,8,0,0
53,3,17,10,0,0
53,3,8,10,0,0
54,3,14,10,2,1
51,3,8,3,2,0
50,3,11,10,2,1
52,3,8,10,2,1
52,3,14,8,0,1
52,3,5,12,2,1
52,3,5,12,2,0
54,2,6,8,3,1
51,3,5,10,0,1
54,3,8,10,0,1
54,3,8,10,2,1
53,2,6,21,3,1
51,3,14,10,0,1
48,3,5,10,0,1
53,3,8,10,0,1
53,3,14,10,0,1
53,3,1,10,0,1
51,2,17,8,3,0
54,3,2,12,0,0
54,3,12,14,2,0
53,2,2,12,0,1
51,3,2,3,0,0
54,3,17,5,0,1
54,3,2,3,0,1
54,3,2,5,0,1
54,3,2,5,0,1
49,3,8,7,0,1
51,3,5,2,0,0
49,3,11,8,0,1
51,3,5,19,0,0
52,3,5,10,0,0
54,3,16,8,0,1
53,3,7,8,0,1
52,3,1,8,0,1
52,3,11,8,0,1
53,3,14,8,0,0
52,3,16,12,0,1
50,3,1,10,1,1
52,3,12,8,3,0
50,3,5,3,0,0
54,3,2,16,2,1
52,3,1,8,2,0
50,3,8,10,0,0
52,3,5,3,3,0
52,3,14,3,2,0
52,3,5,3,2,0
52,3,1,3,2,0
52,3,11,3,0,0
53,3,5,3,0,1
54,3,6,3,0,1
53,3,17,3,3,1
53,3,8,10,2,1
52,2,17,19,2,0
52,3,17,12,2,0
52,3,8,10,0,1
53,3,8,12,0,0
53,3,8,14,0,1
53,3,8,8,0,1
52,3,8,10,2,0
52,3,17,10,2,1
53,3,14,10,2,1
53,3,8,10,2,0
54,3,17,3,0,0
52,3,8,10,0,0
54,3,17,3,3,1
54,2,6,21,2,1
52,2,2,10,0,0
54,2,2,10,2,1
53,2,17,10,0,0
53,2,2,10,0,1
53,2,2,10,0,0
51,2,2,12,2,1
52,2,17,10,0,0
53,2,8,10,0,1
48,3,11,8,2,1
53,3,5,3,2,0
52,3,5,3,3,0
53,3,5,3,0,0
53,3,11,3,0,1
53,3,5,3,0,0
53,3,5,3,0,0
51,3,8,3,2,0
52,3,1,8,2,1
53,3,5,16,0,1
53,3,8,12,3,1
54,3,7,10,0,0
51,3,11,16,2,0
53,2,17,10,0,0
53,2,12,21,3,1
53,3,1,10,0,1
53,3,2,10,0,0
50,3,5,10,0,1
52,3,1,8,2,1
52,3,5,8,2,0
48,3,1,8,3,1
53,2,2,14,2,1
51,3,11,3,0,0
51,3,2,8,3,1
53,3,8,8,0,1
50,3,8,3,0,1
50,3,8,3,0,1
53,3,8,5,2,0
48,3,11,10,2,1
52,3,11,8,0,1
51,3,12,21,2,0
53,3,2,21,2,0
53,3,2,21,2,1
52,3,2,21,2,0
53,3,2,21,2,0
53,3,2,21,2,0
53,3,17,21,2,0
53,3,2,10,0,1
53,3,5,10,2,1
52,3,8,10,2,1
50,3,11,2,0,1
51,3,5,10,0,0
53,3,16,10,2,1
54,3,11,16,0,0
47,3,5,8,0,1
53,3,5,8,3,1
49,3,1,8,0,1
53,3,14,10,0,0
53,2,14,8,0,1
53,2,17,8,2,0
53,2,8,8,0,0
53,2,8,21,0,0
51,2,5,21,2,0
53,3,8,16,2,1
53,3,16,12,0,0
53,3,8,10,0,0
51,3,8,10,0,0
53,3,8,12,0,0
53,3,5,10,0,0
50,3,16,8,3,1
53,3,8,14,3,1
49,3,8,10,2,0
50,3,1,8,2,1
53,3,5,8,0,1
51,3,8,3,0,1
53,3,14,8,0,1
54,3,12,3,3,1
52,3,14,8,0,1
52,2,12,2,2,0
52,2,17,2,0,0
54,1,6,12,2,0
52,3,5,10,3,1
51,3,5,10,0,1
51,3,14,8,0,1
51,3,16,14,3,0
52,3,8,3,2,1
50,3,1,12,0,1
52,3,1,8,2,0
52,3,5,8,2,0
52,3,8,8,2,1
53,3,2,10,0,1
54,3,2,12,0,1
50,3,5,12,2,0
54,3,17,16,0,1
53,3,8,8,0,1
53,3,8,14,2,0
54,3,8,12,2,0
53,3,2,21,2,0
51,3,5,8,0,1
50,3,1,10,0,0
51,3,5,10,0,0
50,3,5,5,0,0
52,3,2,3,2,0
53,3,2,2,2,0
51,3,2,19,3,0
53,3,2,10,2,1
52,3,5,12,2,1
51,3,14,10,0,1
53,3,2,12,3,1
52,3,8,10,0,0
54,3,2,10,0,1
53,3,8,10,0,1
53,3,2,12,0,0
52,3,17,10,0,0
52,3,8,10,0,1
52,3,1,3,0,0
53,3,2,21,0,0
49,3,5,10,0,1
51,3,8,10,0,1
53,3,2,14,2,1
53,3,17,14,0,1
50,3,2,14,0,1
54,3,17,12,2,1
51,3,14,10,0,0
53,3,5,8,2,1
52,3,2,14,3,1
53,3,2,14,2,0
53,3,2,14,3,0
51,3,14,10,3,0
51,3,5,6,0,1
51,3,14,6,3,1
52,3,11,12,0,0
52,3,8,8,0,0
52,3,8,6,0,0
51,3,5,12,0,1
52,3,16,12,0,0
51,3,5,1,0,1
54,3,14,8,0,1
53,3,5,3,0,0
51,3,8,10,0,0
51,3,5,8,3,0
51,3,5,10,0,1
50,3,5,8,2,0
52,3,8,12,0,0
53,3,17,12,0,1
53,3,8,12,2,0
51,3,5,10,2,1
51,3,5,10,2,1
51,3,5,10,2,1
51,3,8,12,2,0
52,3,5,19,0,1
53,3,6,8,2,0
53,3,8,10,0,0
49,3,5,8,2,1
48,3,11,8,2,1
52,3,5,8,2,1
54,3,12,21,0,1
51,3,5,10,0,1
52,3,7,8,2,0
52,3,16,8,2,1
51,3,1,8,2,1
51,3,1,8,2,1
53,3,7,8,2,0
49,3,5,3,0,0
50,3,5,3,0,1
53,3,8,14,3,0
50,3,8,10,0,0
50,3,5,19,0,1
50,3,14,3,0,1
53,3,5,10,0,1
54,3,4,10,0,0
53,3,11,10,0,0
54,3,11,10,2,0
48,3,1,10,0,0
53,3,5,10,1,0
53,3,5,2,0,1
54,3,1,2,0,1
51,3,11,2,0,1
47,3,1,2,0,1
47,3,1,6,0,1
52,3,1,10,2,0
48,3,11,10,0,1
53,3,5,14,0,1
45,3,1,10,0,0
52,3,5,10,0,1
52,3,1,5,0,0
52,3,14,2,4,0
53,3,5,8,2,0
53,3,1,3,0,0
54,3,8,2,0,0
53,3,7,10,0,1
49,3,11,6,0,1
53,3,8,19,0,0
52,3,5,10,2,1
53,3,5,8,0,0
52,3,1,8,0,0
50,3,7,19,0,1
48,3,7,10,2,1
48,3,1,14,0,0
51,3,1,10,0,1
53,3,14,2,0,0
53,3,5,3,0,0
53,3,5,3,0,0
53,3,8,2,0,0
52,3,5,16,0,0
53,3,1,10,2,1
51,3,17,2,2,1
50,3,7,3,0,1
52,3,11,3,0,0
51,3,1,3,0,0
51,3,7,3,0,0
51,3,5,8,0,1
50,3,1,3,0,1
51,3,1,3,0,0
51,3,1,3,0,0
51,3,1,3,0,1
53,3,1,12,2,0
53,3,11,2,4,1
53,3,11,16,0,0
52,3,6,10,0,0
53,3,12,10,0,1
52,3,6,10,0,0
53,3,2,10,0,0
51,3,4,20,0,0
48,3,7,10,1,0
53,3,11,8,0,0
52,3,11,8,0,1
52,3,11,10,0,0
53,3,17,10,2,1
52,3,16,10,0,1
52,3,16,10,0,1
53,3,14,8,0,0
48,3,1,19,0,0
52,3,16,8,0,1
51,3,14,21,3,1
53,3,5,10,3,0
53,3,5,16,0,0
53,3,5,8,0,0
53,3,5,3,0,0
53,3,14,10,0,0
51,3,4,10,0,1
51,3,5,10,0,1
53,3,17,8,0,0
52,3,14,8,0,0
53,3,8,8,0,0
52,3,5,8,0,0
51,3,14,8,0,1
52,3,5,8,0,0
52,3,5,3,0,1
53,3,8,3,0,1
53,3,5,3,0,1
52,3,14,3,0,0
53,3,5,3,0,0
48,3,1,3,0,1
54,3,11,10,0,0
53,3,5,14,0,1
53,3,5,10,0,0
52,3,5,8,3,1
48,3,4,10,2,1
53,3,1,3,0,1
52,3,5,2,0,1
53,3,14,14,0,0
51,3,5,10,0,0
48,3,1,2,0,1
52,3,17,10,2,1
51,3,5,16,0,0
53,3,17,10,2,1
53,3,5,8,0,0
51,3,5,10,0,1
42,3,17,8,0,0
51,3,5,17,0,0
50,3,11,8,4,1
53,3,8,6,0,0
54,3,17,5,2,1
48,3,1,8,0,0
52,3,5,10,2,0
52,3,5,8,0,0
53,3,1,10,0,0
53,3,5,2,4,0
52,3,2,2,0,0
48,3,5,10,0,1
53,3,8,5,0,1
49,3,1,14,0,0
53,3,8,8,0,1
52,3,14,3,0,1
53,3,11,8,0,0
53,3,11,8,0,1
53,3,11,3,0,0
53,3,14,10,0,0
53,3,5,10,2,1
53,3,2,10,0,1
53,3,1,10,0,0
53,3,11,8,0,0
48,3,1,3,0,0
53,3,5,8,0,0
50,3,17,2,4,1
47,3,16,12,0,0
52,3,1,16,0,0
52,3,7,5,0,1
50,3,5,16,2,0
51,3,14,3,4,0
54,3,7,12,0,1
54,3,1,12,0,1
53,3,17,3,4,1
52,3,14,21,0,0
53,3,8,10,0,0
51,3,16,10,2,1
53,3,5,8,2,0
53,3,5,10,0,0
51,3,16,12,0,1
48,3,1,10,0,1
52,3,7,10,0,0
51,3,1,10,1,0
46,3,1,10,1,0
47,3,1,19,0,0
53,3,8,2,0,0
53,3,14,10,0,0
54,3,5,8,3,0
53,3,5,10,2,0
53,3,1,19,1,1
54,3,5,14,0,1
51,3,1,19,0,0
50,3,1,8,0,1
53,3,1,10,0,1
53,3,2,3,0,0
50,3,11,0,0,1
49,3,1,18,2,1
50,3,1,18,2,1
53,3,5,8,0,0
53,3,5,10,0,0
53,3,1,10,0,0
53,3,5,10,0,0
53,3,17,14,0,0
51,3,2,14,0,0
53,3,17,14,0,0
50,3,16,14,0,0
53,3,8,5,0,0
50,3,1,16,0,0
50,3,7,12,0,0
54,3,11,10,2,1
53,3,16,10,0,1
51,3,5,10,0,0
51,3,5,10,0,0
52,3,7,5,2,0
49,3,7,5,2,1
46,3,7,8,0,0
53,3,17,2,0,0
50,3,1,2,0,0
51,3,5,16,0,0
52,3,7,12,0,0
50,3,5,10,0,0
51,3,5,3,0,0
53,3,5,3,0,0
53,3,11,3,0,0
53,3,5,3,0,1
52,3,8,8,2,0
52,3,5,10,2,0
53,3,5,10,2,0
53,3,14,10,2,1
50,3,1,10,2,1
54,3,8,3,3,1
53,3,1,10,0,0
51,3,1,10,0,0
50,3,5,2,4,1
53,3,5,10,2,0
52,3,14,10,2,0
53,3,8,2,4,0
53,3,5,10,0,0
50,3,1,10,0,1
52,3,7,19,0,0
51,3,11,8,0,0
53,3,11,10,0,1
53,3,8,3,4,1
51,3,11,14,2,0
50,3,5,17,0,1
53,3,2,3,4,1
52,3,5,10,0,0
53,3,5,18,0,1
53,3,8,10,0,0
49,3,11,3,2,0
53,3,17,2,2,1
53,3,11,8,0,0
54,2,5,10,0,1
52,3,5,1,0,0
51,3,8,1,0,1
52,3,5,12,0,1
52,3,5,10,2,1
47,3,7,10,0,1
47,3,11,10,0,1
52,3,5,8,0,0
52,3,1,10,0,1
51,3,16,14,2,1
48,3,13,10,0,0
53,3,7,20,0,0
49,3,1,19,0,1
50,3,11,16,0,0
50,3,1,16,0,1
50,3,1,16,0,0
51,3,5,16,0,1
50,3,7,8,0,1
53,3,1,10,0,0
48,3,7,10,0,0
46,3,1,8,2,0
46,3,16,16,3,1
47,3,1,8,0,0
51,3,8,10,2,1
52,3,1,20,0,0
48,3,1,18,0,1
51,3,5,10,0,1
54,3,7,10,0,0
51,3,17,3,0,1
53,3,11,8,0,1
50,3,1,16,0,1
50,3,1,16,0,0
50,3,1,16,0,0
50,3,7,16,0,0
52,3,5,14,0,0
53,3,1,12,0,0
50,3,13,10,0,1
53,3,8,8,0,1
46,3,1,10,0,0
53,3,8,3,0,0
53,3,8,3,0,0
47,3,7,19,0,0
53,3,14,12,0,0
51,3,1,10,0,0
52,3,14,14,0,0
52,3,1,10,0,1
52,3,7,10,0,1
53,3,8,2,2,1
53,3,8,3,2,1
53,3,8,2,2,1
54,3,2,21,0,0
53,3,6,3,0,0
54,3,8,10,4,0
52,3,17,10,4,1
54,3,2,10,4,0
53,3,8,10,4,0
52,3,8,10,0,0
54,3,17,10,4,0
52,3,11,10,0,0
53,3,5,10,0,0
51,3,8,2,0,0
52,3,2,20,0,0
52,3,5,2,0,0
50,3,1,16,0,0
52,3,14,14,0,0
52,3,7,8,0,0
53,3,5,8,0,0
53,3,5,3,0,1
52,3,16,10,2,1
53,3,7,10,1,0
50,3,1,8,0,1
53,3,16,8,2,1
47,3,7,2,0,0
53,3,17,8,0,1
52,3,1,12,0,0
52,3,1,8,0,1
51,3,5,19,0,0
49,3,11,8,0,1
53,3,1,2,0,1
52,3,1,10,0,0
50,3,1,8,0,1
53,3,5,8,0,1
54,3,16,12,2,1
53,3,7,10,2,1
50,3,1,8,0,1
53,3,1,10,0,0
53,3,5,10,0,0
51,3,1,10,0,1
53,3,1,10,0,0
52,3,5,0,2,0
52,3,5,10,1,1
51,3,14,8,0,0
51,3,1,10,2,1
52,3,14,8,0,0
51,3,8,8,0,0
53,3,11,8,0,0
48,3,8,21,0,0
52,3,7,12,0,1
51,3,11,10,0,1
50,3,1,14,0,0
50,3,1,10,2,0
47,3,1,10,0,1
53,3,1,10,0,0
46,3,1,8,2,0
53,3,5,10,0,0
53,3,1,10,0,1
53,3,8,10,0,1
53,3,8,10,0,0
52,3,5,5,0,0
46,3,1,19,0,1
53,3,16,10,0,0
49,3,7,8,0,1
53,3,8,8,0,0
54,3,5,10,3,0
50,3,2,21,0,1
53,3,1,3,2,1
53,3,16,3,2,0
52,3,7,0,4,0
51,3,7,10,0,0
53,3,7,10,0,1
51,3,5,16,0,1
51,3,14,2,0,0
52,3,5,2,0,0
53,3,7,19,0,0
53,3,7,10,0,1
53,3,6,8,0,0
53,3,8,8,0,1
53,3,5,3,4,0
52,3,8,10,0,0
45,3,1,2,0,0
47,3,1,10,0,0
54,3,12,8,0,0
53,3,16,10,2,0
53,3,1,10,0,0
51,3,7,10,0,0
52,3,8,12,2,1
51,3,8,10,0,0
52,3,5,2,0,1
53,3,5,3,0,0
42,3,7,10,2,0
53,3,5,8,0,0
53,3,5,10,0,0
53,3,5,10,0,0
52,3,1,2,4,0
52,3,11,8,0,0
51,3,11,2,0,0
49,3,16,10,0,0
53,3,14,3,0,0
53,3,14,10,0,0
52,3,14,8,0,0
53,3,11,10,0,0
53,3,5,3,0,1
53,3,11,8,0,1
53,3,5,10,0,0
51,3,7,20,0,0
53,3,14,3,0,1
52,3,5,8,0,0
52,3,8,3,4,1
53,3,5,10,0,1
53,3,5,10,0,0
53,3,8,1,0,1
48,3,1,3,0,0
53,3,11,3,0,1
46,3,7,5,2,0
51,3,5,3,2,1
52,3,5,10,0,1
48,3,7,8,0,0
52,3,11,2,0,0
52,3,8,2,0,0
52,3,5,2,0,0
53,3,14,2,0,0
50,3,5,2,0,1
50,3,11,2,0,0
47,3,1,18,0,0
50,3,8,2,4,1
52,3,14,2,4,1
46,3,1,10,0,0
51,3,8,5,0,0
51,3,8,10,0,0
51,3,8,5,0,0
54,3,8,5,0,0
53,3,8,2,4,0
48,3,11,18,0,1
47,3,1,19,0,1
53,3,14,8,0,0
53,3,1,8,0,0
53,3,5,10,0,1
50,3,14,8,0,1
51,3,11,10,0,1
53,3,5,10,0,1
53,3,14,10,0,0
54,3,1,10,0,1
50,3,14,10,0,0
53,3,8,10,0,1
50,3,14,10,2,1
53,3,5,10,0,1
53,3,5,10,0,1
50,3,8,14,2,1
51,3,14,12,0,0
48,3,5,10,0,0
51,3,5,10,0,0
53,3,5,10,0,1
53,3,2,2,2,0
50,3,8,14,2,1
53,3,8,10,2,0
52,2,2,20,0,0
52,3,5,10,2,1
52,3,5,10,2,0
45,3,5,10,2,0
51,3,8,10,0,0
52,3,14,20,2,0
50,3,5,10,0,1
51,3,11,1,0,1
50,3,14,10,0,0
51,3,8,10,2,1
52,3,7,10,3,0
53,3,5,8,0,0
48,3,11,10,0,0
53,3,2,5,2,1
51,3,11,10,0,1
51,3,8,14,0,0
51,3,8,14,0,0
53,3,8,14,0,1
50,3,14,14,0,1
50,3,5,14,0,1
52,3,8,14,0,0
51,3,14,10,0,0
48,3,5,3,2,0
50,3,8,10,0,0
54,3,8,10,0,1
53,3,8,19,0,1
51,3,1,10,0,1
50,3,11,10,0,1
52,3,7,10,0,0
53,3,5,10,0,0
53,3,17,10,2,0
50,3,8,8,2,1
51,3,2,10,0,0
50,3,11,12,0,0
50,3,5,19,0,0
51,3,14,8,0,0
51,3,5,8,0,0
51,3,8,3,0,0
53,3,8,8,0,1
51,3,8,10,0,1
51,3,11,10,0,0
52,3,8,3,2,1
51,2,2,16,3,0
53,3,12,21,2,0
52,3,5,3,0,0
51,3,1,14,0,1
52,3,5,10,2,0
52,3,2,14,0,1
54,3,1,10,0,1
53,0,2,10,2,0
51,3,16,10,0,1
50,3,14,8,0,1
50,3,8,10,2,1
50,3,1,10,0,0
50,3,1,5,0,1
51,3,8,5,0,0
52,3,11,10,0,0
51,3,5,10,0,1
50,3,5,10,0,0
51,3,5,10,0,0
50,3,5,10,0,0
51,3,5,10,0,1
49,3,14,10,0,0
50,3,5,10,0,1
50,3,5,10,0,0
52,3,5,12,0,0
52,3,14,16,2,1
54,3,7,10,0,1
50,3,5,8,2,0
51,3,5,3,0,1
51,3,14,8,1,0
51,3,5,10,0,1
50,3,5,10,0,1
51,3,5,10,2,1
50,3,8,10,0,1
49,3,5,14,0,0
48,3,8,14,0,0
51,3,8,19,0,0
52,3,8,21,0,0
50,3,5,10,0,0
51,3,11,10,0,0
53,3,17,5,0,1
51,3,5,10,0,1
50,3,8,12,2,0
50,3,5,10,0,0
49,3,5,19,2,0
53,3,5,12,3,0
51,3,14,3,0,1
52,3,5,3,0,1
49,3,14,3,0,1
53,3,11,10,2,1
51,3,8,10,2,0
50,3,8,10,2,1
51,3,8,10,2,0
51,3,14,10,2,0
51,3,8,10,2,0
51,3,8,10,2,0
53,3,8,3,2,1
50,3,5,10,0,1
51,3,5,10,0,1
51,3,5,10,0,0
52,3,11,10,2,0
52,3,5,10,0,0
53,3,14,3,0,0
50,3,5,10,0,1
51,3,8,10,2,1
52,3,14,10,2,0
53,3,5,10,2,0
52,3,5,10,2,0
52,3,5,10,2,0
51,3,1,10,0,1
50,3,5,10,2,1
53,3,2,3,2,0
53,3,8,10,0,0
51,3,8,19,0,1
50,3,1,8,1,0
51,3,14,8,0,0
52,3,17,14,2,0
51,3,2,10,0,1
53,3,11,12,0,0
51,3,14,8,0,1
51,3,5,10,0,1
51,3,5,10,3,1
48,3,14,3,2,0
50,3,5,10,0,0
50,3,5,10,0,0
52,3,17,8,2,0
48,3,8,8,0,0
54,3,17,10,2,1
51,3,8,14,2,1
54,3,5,10,0,1
53,3,5,10,2,1
51,3,8,10,0,1
52,3,8,19,0,0
51,3,8,12,0,1
51,3,8,12,0,1
51,3,14,8,2,1
52,3,12,12,0,0
51,3,14,10,0,1
52,3,5,10,0,1
52,3,11,10,0,0
51,3,5,10,0,0
52,3,5,10,0,0
51,3,8,8,0,1
52,3,14,10,3,0
53,3,8,10,3,1
53,3,17,10,2,1
48,3,8,10,2,1
51,3,5,10,3,0
52,3,8,19,3,1
54,3,17,10,0,0
51,3,5,5,0,1
50,3,11,12,0,1
51,3,1,10,0,1
49,3,14,10,0,1
51,3,2,10,2,1
52,3,8,14,0,0
54,3,17,10,0,1
51,3,1,5,0,0
51,3,11,10,0,1
51,3,8,5,0,1
51,3,12,8,2,1
51,3,12,10,2,0
50,3,14,10,0,1
53,3,14,10,0,0
50,3,8,10,0,1
51,3,5,10,0,0
47,3,5,10,0,1
48,3,5,10,0,0
54,3,2,21,1,1
53,2,2,10,3,1
51,3,8,8,2,1
53,3,2,12,2,0
51,3,5,12,0,1
51,3,14,10,0,0
53,3,2,8,3,0
54,3,8,14,2,1
54,3,2,10,3,1
51,3,8,10,0,1
51,3,14,8,0,0
48,3,5,10,0,1
50,3,5,10,0,1
48,3,5,8,0,0
51,3,5,8,0,1
50,3,5,8,0,1
48,3,5,3,0,1
51,3,14,3,0,1
53,3,2,12,3,0
54,3,12,12,3,1
53,3,2,12,3,1
51,3,2,12,1,1
54,3,2,12,3,0
53,3,2,12,0,1
53,3,17,12,3,1
53,3,14,12,3,1
51,3,2,10,3,1
51,3,5,19,3,0
51,3,8,10,2,0
54,3,1,10,3,1
52,3,8,2,0,0
49,3,8,2,2,1
54,3,12,12,3,1
53,3,14,8,2,1
52,3,5,10,0,0
53,3,5,10,2,1
50,3,11,10,3,0
51,3,8,10,0,1
52,3,8,10,0,1
51,3,17,8,0,0
53,3,8,8,3,1
54,3,12,10,2,1
51,3,16,8,0,1
52,3,16,10,0,1
54,3,14,14,0,1
53,3,17,12,0,1
51,3,2,21,1,0
52,3,8,10,0,0
53,3,2,2,0,0
50,3,5,19,0,1
50,3,5,19,0,1
51,3,5,10,2,0
52,3,17,10,2,1
53,3,17,10,0,0
53,3,2,10,0,1
50,3,5,10,0,1
54,3,1,10,0,1
52,3,14,10,2,0
50,3,1,10,0,1
51,3,5,8,0,1
54,3,2,14,2,1
51,3,8,10,0,0
51,3,5,10,0,1
50,3,8,10,0,1
52,3,2,10,2,1
53,3,8,10,2,1
53,3,11,10,0,1
51,3,1,10,0,1
51,3,8,8,0,0
50,3,5,8,0,1
50,3,14,10,0,1
52,3,8,14,0,0
51,3,5,10,3,1
52,3,1,12,3,1
50,3,5,10,0,1
51,3,11,10,0,1
50,3,1,10,0,1
48,3,11,14,2,1
52,3,2,12,2,1
52,3,8,8,0,1
47,3,14,8,0,0
51,3,5,8,0,1
51,3,5,10,2,0
51,3,2,21,2,1
54,3,7,10,0,1
53,3,1,10,0,0
51,3,2,10,2,1
52,3,8,14,2,1
53,3,8,14,2,1
51,3,8,10,2,1
51,3,8,10,2,1
49,3,14,10,0,1
53,3,8,10,0,1
50,3,1,8,3,1
52,3,8,14,2,0
51,3,11,3,0,1
51,3,5,3,0,1
52,3,5,10,0,0
53,3,8,10,2,1
53,3,8,10,2,0
53,3,14,10,2,1
52,3,1,3,0,0
51,3,14,10,0,0
52,3,14,3,0,0
50,3,14,14,0,0
53,3,7,12,0,0
51,3,5,10,2,0
52,3,8,8,0,0
50,3,5,10,0,0
53,3,17,10,0,0
51,3,8,8,0,1
51,3,5,8,0,1
49,3,5,3,2,0
51,3,14,12,2,1
51,3,14,10,0,1
49,3,5,10,0,1
52,3,2,10,3,1
50,3,17,10,0,0
51,3,17,21,0,1
53,3,2,3,2,0
50,3,5,10,0,1
49,3,14,10,0,1
50,3,14,10,0,1
54,3,12,21,2,1
51,3,8,12,3,0
50,3,8,10,0,0
53,3,8,10,0,0
51,3,5,16,2,0
51,3,14,16,0,0
48,3,14,3,0,0
52,3,8,10,2,1
48,3,5,10,0,0
51,3,8,3,0,0
50,3,14,3,0,0
51,3,8,10,2,1
53,3,8,21,0,0
50,3,5,14,2,0
47,3,5,10,0,0
53,3,16,10,0,1
51,2,12,21,2,1
53,3,2,10,0,0
53,3,12,5,2,0
52,3,8,10,3,0
53,3,1,8,0,1
52,3,1,10,1,1
51,3,1,8,0,1
51,3,5,8,0,1
54,3,17,12,0,1
51,3,5,10,0,0
46,3,11,10,0,0
50,3,5,10,0,1
52,3,1,10,0,1
51,3,5,8,0,1
51,3,14,10,0,1
51,3,8,10,3,1
51,3,14,10,0,1
53,3,8,8,2,0
53,3,2,21,2,1
53,3,2,5,0,0
47,3,14,10,0,1
51,3,8,10,0,1
51,3,5,10,0,1
51,3,8,10,1,1
51,3,5,10,0,1
53,3,2,8,0,0
54,3,2,16,0,0
53,3,17,5,0,1
51,3,5,10,0,1
53,3,2,8,0,0
53,3,2,21,2,1
51,3,5,3,0,1
54,3,8,5,0,1
54,3,14,5,0,1
54,3,8,5,0,1
54,3,5,16,2,1
54,3,8,10,0,1
52,3,8,10,0,1
53,3,8,10,0,1
53,3,17,10,0,1
46,3,11,5,0,0
53,3,17,21,2,1
50,3,14,3,0,0
51,3,17,10,2,1
53,3,8,10,2,1
53,3,8,10,2,1
51,3,5,3,2,1
51,3,8,10,0,1
53,3,8,10,0,0
53,3,11,12,0,1
51,3,8,10,0,1
50,3,17,10,0,1
52,3,8,10,0,1
51,3,8,12,0,0
51,3,17,12,2,1
54,3,6,12,0,0
52,3,5,12,2,0
54,3,2,21,2,1
50,3,2,3,2,1
51,3,8,19,0,1
52,3,8,10,0,0
54,3,2,3,2,1
50,3,8,14,0,1
51,3,8,10,0,1
51,3,1,16,1,1
51,3,14,10,0,1
53,3,5,12,0,0
49,3,5,8,0,1
53,3,14,14,0,1
53,3,2,10,0,1
53,3,12,21,0,0
54,3,8,16,0,1
53,3,8,10,0,1
53,3,5,10,0,1
53,3,8,10,0,1
50,3,5,8,2,1
51,3,5,8,2,1
53,3,17,3,0,1
51,3,8,3,0,1
52,3,1,10,0,0
51,3,5,10,0,1
50,3,5,10,2,0
50,3,8,10,0,0
51,3,8,18,0,0
51,3,11,10,2,0
51,3,5,10,2,0
51,3,5,10,2,1
53,3,17,3,2,1
52,3,11,10,0,1
51,3,8,10,0,1
54,3,2,14,1,1
53,3,14,10,0,1
54,3,1,10,0,0
53,3,1,0,0,1
52,3,5,0,0,0
52,3,17,10,1,1
53,3,2,10,0,0
54,3,17,10,0,0
52,3,6,10,2,0
54,3,2,10,2,0
53,3,2,10,2,0
52,3,7,10,3,0
50,3,8,10,0,0
48,3,14,10,0,0
49,3,11,8,0,0
50,3,8,10,0,0
51,3,8,2,0,0
54,3,8,10,0,1
53,3,11,5,0,1
51,3,8,14,3,1
51,3,5,10,2,1
53,3,5,10,0,1
52,3,16,10,0,0
51,3,2,12,2,0
53,3,2,12,0,1
51,3,5,12,0,0
51,3,5,12,0,0
51,3,5,12,0,0
51,3,8,19,2,0
52,2,2,19,0,1
53,3,17,12,0,1
51,3,8,16,0,0
54,3,8,12,0,0
51,3,8,20,0,0
54,3,2,10,0,0
54,3,2,14,0,1
52,3,2,10,0,0
52,3,2,10,0,0
53,3,11,10,0,0
51,3,2,8,0,1
50,3,5,10,0,1
53,3,8,14,0,0
51,3,8,8,0,0
53,3,11,14,0,0
52,3,1,14,0,0
51,3,8,8,0,0
52,3,8,10,0,0
50,3,8,8,0,1
52,3,12,8,0,1
54,3,6,10,0,1
53,3,1,10,0,1
53,3,1,10,0,1
53,3,1,10,0,1
52,3,1,10,0,1
53,3,12,6,0,0
50,3,14,20,0,1
51,3,8,10,0,1
53,3,8,14,2,1
53,3,14,10,0,1
52,3,8,10,0,0
53,3,17,12,0,0
52,3,8,2,0,1
51,3,8,14,0,1
52,3,17,10,2,1
50,3,5,3,0,1
54,3,8,3,0,0
54,3,2,10,0,1
51,3,5,10,0,1
54,3,8,8,2,1
51,3,2,8,2,1
50,3,8,8,0,0
51,3,1,8,0,1
51,3,11,8,0,1
52,3,5,10,2,1
52,3,14,12,2,1
53,3,2,19,0,1
53,3,12,10,0,0
52,3,8,14,0,0
51,3,14,10,2,1
53,3,8,12,0,1
52,3,2,12,3,1
53,3,12,21,0,1
51,3,8,10,0,0
48,3,14,10,0,0
53,3,12,21,0,0
53,3,17,8,0,1
51,3,5,8,0,0
51,3,2,8,2,1
53,3,2,8,2,1
52,3,14,8,3,1
51,3,6,5,0,1
53,3,17,8,2,1
49,3,8,10,0,0
52,3,1,10,0,1
50,3,5,10,2,1
49,3,8,12,0,1
53,3,1,5,0,1
51,3,5,10,3,0
53,3,14,10,0,1
51,3,8,10,2,0
52,3,5,10,2,1
52,2,2,17,0,1
51,3,8,5,3,1
53,3,2,10,0,0
52,3,5,10,0,0
51,3,5,10,2,0
50,3,2,4,2,1
52,3,14,10,0,1
51,3,8,12,0,1
52,3,16,10,0,0
51,3,11,10,0,1
52,3,11,10,0,1
51,3,5,16,0,1
52,3,6,8,2,1
48,3,5,10,0,0
51,3,5,19,0,1
52,3,2,10,2,1
52,3,5,10,0,1
50,3,1,8,3,1
51,3,5,10,0,1
51,3,1,10,0,1
51,3,2,8,2,0
50,3,8,14,0,1
49,3,14,12,0,1
51,3,8,14,0,0
50,3,5,12,3,0
53,3,2,8,2,1
52,3,2,21,3,1
54,3,8,10,2,1
53,3,2,10,2,0
52,3,8,3,0,1
54,2,18,21,3,1
51,3,6,14,0,0
52,3,8,14,0,0
53,3,8,10,0,1
50,3,14,10,1,1
50,3,5,10,0,1
53,3,2,21,3,1
52,3,5,8,0,0
51,3,1,10,2,0
54,3,6,21,0,1
50,3,14,8,2,1
54,3,5,10,2,1
51,3,8,14,2,1
52,3,5,8,0,1
51,3,8,10,0,0
54,3,8,3,0,1
49,3,11,10,0,1
52,3,8,14,0,0
48,3,8,10,0,0
51,3,1,10,0,0
53,3,2,10,0,0
51,3,8,14,0,1
50,3,5,21,0,1
54,3,12,10,0,0
54,3,8,10,3,0
50,3,14,10,0,1
50,3,8,10,2,1
51,3,14,12,2,1
53,3,17,8,0,0
51,3,6,21,0,1
49,3,17,19,0,1
53,3,17,10,2,1
54,3,17,12,0,0
51,3,5,10,0,0
54,3,8,19,0,1
51,3,5,10,3,1
51,3,14,12,2,1
52,3,14,10,0,1
53,3,14,14,0,0
53,3,8,19,0,0
51,3,5,10,0,1
53,3,5,10,0,1
51,3,11,10,0,1
51,3,5,10,0,1
50,3,1,10,0,1
53,3,8,10,0,1
53,3,5,10,0,1
52,3,5,10,2,0
53,3,8,10,3,0
54,3,16,10,0,0
53,3,8,10,0,0
54,3,5,12,2,1
53,3,2,21,0,1
53,3,17,14,2,0
54,3,2,19,2,1
51,3,5,10,2,1
51,3,11,8,2,0
53,3,12,3,0,0
53,3,2,3,0,0
52,3,5,16,0,1
53,3,17,8,0,1
52,3,2,8,2,1
51,3,8,3,0,0
53,3,17,8,2,1
53,3,2,8,2,1
53,3,8,6,0,0
51,3,14,10,0,1
51,3,5,10,2,1
54,3,17,8,2,1
54,3,2,5,0,1
52,3,12,21,0,0
53,3,17,3,0,1
52,3,8,8,0,1
50,3,2,3,0,1
51,3,2,8,0,1
49,3,17,12,0,1
51,3,8,10,0,1
53,3,1,5,0,1
53,3,11,5,0,1
53,3,1,5,0,1
52,3,17,10,0,0
54,3,2,8,0,0
54,3,2,8,0,0
54,3,6,8,0,1
54,3,12,8,0,0
54,3,6,8,0,0
54,3,9,8,0,1
52,3,11,10,2,1
53,3,8,10,2,0
53,3,6,10,2,1
49,3,14,8,0,0
53,3,17,10,2,1
54,3,8,10,2,1
53,3,2,14,0,0
52,3,5,10,0,0
54,3,8,14,0,1
54,3,17,10,2,1
51,3,8,3,3,0
50,3,5,8,0,1
54,3,5,8,1,1
53,3,8,14,3,1
52,3,2,5,0,0
52,3,5,16,0,0
53,3,11,17,1,1
52,3,8,14,0,1
52,3,5,10,0,1
54,3,12,3,3,1
52,3,8,10,2,1
51,3,8,8,0,0
52,3,8,12,0,0
50,3,5,12,0,1
51,3,2,8,2,1
50,3,8,21,0,0
51,3,5,10,0,0
53,3,2,14,2,1
52,3,17,8,0,1
52,3,8,10,2,1
53,3,5,16,0,1
50,3,5,16,2,0
53,3,17,19,2,1
54,3,6,21,0,0
50,3,8,12,0,0
51,3,17,12,0,0
51,3,12,12,2,0
50,3,5,10,0,1
52,3,5,8,0,1
53,3,8,12,0,1
51,3,5,19,0,0
52,2,12,10,0,1
53,3,12,5,0,0
51,3,14,10,2,1
54,3,8,10,3,1
54,3,5,8,2,0
51,3,5,10,0,0
54,3,2,5,0,1
52,3,14,19,0,0
51,3,2,14,0,0
51,3,12,10,2,0
54,3,6,21,3,1
54,3,14,10,0,1
51,3,5,10,0,1
53,3,5,10,0,1
53,3,14,10,0,1
53,3,17,10,2,0
53,3,8,10,0,0
52,3,8,12,0,1
50,3,8,19,2,1
51,3,8,10,2,1
51,3,8,10,2,1
50,3,8,10,2,1
50,3,1,19,2,1
53,3,11,10,3,1
51,3,14,10,0,1
53,3,17,10,2,0
53,3,8,0,0,1
51,3,14,0,0,1
53,3,14,10,0,0
54,3,8,12,0,1
54,3,7,10,0,1
52,3,14,10,3,0
54,3,17,21,3,1
50,3,12,21,0,0
52,3,2,10,2,1
50,3,14,2,0,1
52,3,11,10,0,1
52,3,17,8,0,0
53,3,2,10,0,0
51,3,8,10,0,0
51,3,17,3,0,0
50,3,2,8,0,1
51,3,14,10,0,0
51,3,5,10,2,0
54,3,6,21,0,1
54,3,2,8,0,1
52,3,17,10,0,1
53,3,5,10,0,1
49,3,8,14,2,0
53,3,14,10,2,1
51,3,5,10,2,1
51,3,8,10,2,1
53,3,2,14,0,0
52,3,17,14,0,1
53,3,8,10,2,0
54,3,12,5,0,1
52,3,14,8,0,1
52,3,8,12,3,0
53,3,5,8,2,1
54,3,16,10,0,1
53,3,11,8,0,1
47,3,5,8,0,0
51,3,2,10,3,0
50,3,11,8,0,1
52,3,1,10,0,1
52,3,11,10,0,0
53,3,1,10,0,0
52,3,5,8,0,1
52,3,1,10,0,1
53,3,1,10,0,1
52,3,1,10,0,1
49,3,14,8,0,1
52,3,7,10,3,0
53,3,1,10,0,0
52,3,1,10,0,0
50,3,1,10,0,0
54,3,2,10,0,0
51,3,5,8,0,1
51,3,5,8,0,1
51,3,1,10,0,0
52,3,11,10,2,1
53,3,8,12,0,0
52,3,14,12,0,0
53,3,2,14,2,0
51,3,8,19,0,1
52,3,12,8,0,0
51,3,5,19,0,0
51,3,5,10,0,0
51,3,8,3,0,0
51,3,5,3,2,1
52,3,5,8,0,1
53,3,2,21,0,1
54,3,2,5,3,0
54,3,14,12,0,1
52,3,2,2,0,0
52,3,5,8,0,0
51,3,8,8,0,1
50,3,5,8,0,0
48,3,5,12,0,1
50,3,8,10,2,1
51,3,8,10,3,1
52,3,5,12,3,1
52,3,14,12,0,1
53,3,17,12,3,1
53,3,8,12,2,1
51,3,12,10,3,1
50,3,2,16,2,1
53,3,12,12,0,1
53,3,8,10,2,0
52,3,8,8,2,0
53,3,8,8,0,0
54,3,14,8,0,1
53,3,2,12,3,0
51,3,2,12,3,0
54,3,14,10,1,1
51,3,8,14,2,0
52,3,17,12,0,0
54,3,5,12,0,1
54,3,17,21,0,0
51,3,14,8,0,1
54,3,2,8,0,1
54,3,8,10,0,1
54,3,8,10,0,1
51,3,8,8,2,1
53,3,8,8,2,1
52,3,5,10,2,1
51,3,6,8,0,0
52,3,2,14,0,0
52,3,8,10,0,1
53,3,14,10,3,0
51,3,12,5,0,0
53,3,2,5,0,0
50,3,8,12,0,1
54,3,17,10,0,0
52,3,2,14,2,0
50,3,8,10,0,0
50,3,5,19,0,1
52,3,1,10,0,0
53,3,2,21,0,0
51,3,14,12,3,1
51,3,8,14,2,1
51,3,8,10,2,0
50,3,8,10,0,1
50,3,11,12,0,1
53,3,8,10,0,1
52,3,14,10,2,1
53,3,12,21,2,1
52,3,5,8,0,1
51,3,14,14,3,1
51,3,8,19,3,0
53,3,2,8,0,0
54,3,17,12,0,0
53,3,2,8,0,1
53,3,12,17,0,1
53,3,17,3,2,0
54,3,2,10,2,1
53,3,1,10,0,0
53,3,1,10,0,0
51,3,8,10,2,1
54,3,8,12,0,1
54,3,14,8,0,1
53,3,16,10,0,1
54,3,11,3,0,0
52,3,12,8,0,1
53,3,14,10,0,0
51,3,8,10,0,1
51,3,14,10,0,1
53,3,8,10,0,0
53,3,8,10,0,0
52,3,8,10,0,0
46,3,8,10,0,0
48,3,14,10,0,0
53,3,2,8,0,0
52,3,6,8,0,0
53,3,6,8,0,0
53,3,12,8,0,0
50,3,5,10,0,1
52,3,17,21,0,0
53,3,2,21,0,1
52,3,2,21,2,0
54,3,2,12,0,1
53,3,8,10,0,1
52,3,5,0,0,1
51,3,11,0,0,0
52,3,5,0,0,0
52,3,5,0,0,0
52,3,5,0,0,0
53,3,1,10,0,1
53,3,11,10,0,1
53,3,1,10,0,1
53,3,1,10,0,1
51,3,1,10,0,1
51,3,8,8,0,1
50,3,1,10,0,1
51,3,1,10,0,1
52,3,1,10,0,1
52,3,1,10,0,1
53,3,5,10,0,1
50,3,5,10,0,1
51,3,11,10,0,1
50,3,11,10,0,1
53,3,5,10,0,1
51,3,11,10,0,1
50,3,11,10,0,1
51,3,5,10,0,1
53,3,11,10,0,1
50,3,11,10,0,1
51,3,11,10,0,1
53,3,1,14,0,0
53,3,1,14,0,0
51,3,14,14,0,1
50,3,5,14,0,1
49,3,11,14,0,0
50,3,5,14,0,1
51,3,11,14,0,0
51,3,1,14,0,0
51,3,14,14,0,0
53,3,1,14,0,1
50,3,5,8,2,1
52,3,1,8,0,1
50,3,1,8,0,1
51,3,5,8,0,1
53,3,14,10,2,1
53,3,8,10,2,1
53,3,2,5,0,0
53,3,2,12,3,1
54,3,8,12,0,1
51,3,8,5,2,1
54,3,12,5,3,1
54,3,8,5,2,1
52,3,17,10,2,0
53,3,6,10,0,0
50,3,8,12,0,1
50,3,8,14,2,1
50,3,17,14,2,1
51,3,8,14,2,0
51,3,8,14,2,0
51,3,2,14,2,0
52,3,14,14,2,1
53,3,8,14,2,0
50,3,8,14,2,1
46,3,8,14,2,1
49,3,17,14,2,0
50,3,8,14,2,1
50,3,8,14,2,1
50,3,8,14,2,1
50,3,14,14,2,1
51,3,8,14,2,1
50,3,8,14,2,0
53,3,17,14,2,0
50,3,8,14,2,1
50,3,8,14,2,1
52,3,5,14,2,0
50,3,8,14,2,1
54,3,17,5,2,1
54,3,2,5,3,1
53,3,1,8,0,0
51,3,17,8,0,0
54,3,2,8,0,0
51,3,12,10,0,1
50,3,8,10,0,0
53,3,12,8,0,1
53,3,6,8,0,0
47,3,5,8,2,1
51,3,8,8,2,0
51,3,17,10,0,0
52,3,1,5,0,1
52,3,1,12,0,0
50,3,8,10,0,1
52,3,8,12,0,0
53,3,5,12,3,1
53,3,11,5,0,1
50,3,11,10,2,1
51,3,14,14,0,0
53,3,12,12,0,0
52,3,5,5,0,1
51,3,5,10,0,1
52,3,2,10,2,1
53,2,2,14,0,0
52,3,17,12,2,0
53,3,2,20,2,1
52,3,2,10,0,0
53,3,2,12,0,1
50,3,8,19,0,0
51,3,15,21,0,1
48,3,5,10,0,0
51,3,2,8,0,1
51,3,14,10,0,1
51,3,6,21,0,1
53,3,2,10,0,0
53,3,2,10,0,0
53,3,8,12,2,1
51,3,5,10,0,1
52,3,8,12,0,0
53,3,2,10,0,0
51,3,8,8,0,1
52,3,1,12,0,1
51,3,5,12,0,0
51,3,5,12,2,1
51,3,11,12,0,1
51,3,1,12,0,1
51,3,5,12,0,0
52,3,5,10,0,1
52,3,5,10,0,1
53,3,14,10,0,1
53,3,8,10,0,1
53,3,5,10,0,1
53,3,14,10,0,1
50,3,5,10,0,1
53,3,5,10,0,1
53,3,1,14,3,0
51,3,8,10,0,1
54,3,6,8,0,1
53,3,6,3,0,0
53,3,17,8,0,0
51,3,14,10,0,1
50,3,14,8,0,0
51,3,5,5,0,1
52,3,1,10,0,0
52,3,8,10,2,0
51,3,14,8,0,1
50,3,5,12,0,1
49,3,8,10,0,1
51,3,1,8,2,0
53,3,8,10,0,0
50,3,14,10,0,0
52,3,8,10,0,1
53,3,8,12,0,1
51,3,5,10,2,0
51,3,2,14,0,0
51,3,8,10,2,1
51,2,2,19,2,0
51,3,5,10,0,0
53,3,17,10,0,0
54,2,6,21,0,0
54,2,2,8,0,0
54,3,12,5,0,0
52,2,15,21,3,1
51,3,8,5,2,1
53,3,8,12,0,0
52,3,8,12,3,1
54,3,17,16,0,1
51,3,5,10,2,1
50,2,8,12,2,1
52,3,17,12,0,0
51,3,8,16,0,1
52,3,1,10,0,0
54,3,2,5,0,1
53,3,17,12,3,1
52,3,8,3,3,1
52,3,14,12,3,1
50,3,11,18,0,1
53,3,5,18,0,1
51,3,5,18,0,1
54,3,2,12,2,1
51,3,5,18,0,1
52,3,5,10,0,1
53,2,6,21,2,0
50,3,11,5,0,1
53,3,11,5,0,1
52,3,1,5,0,1
53,3,5,5,0,1
51,3,8,16,0,1
52,3,12,10,2,1
54,3,17,14,0,1
52,3,1,10,0,0
52,3,14,8,1,0
51,3,1,12,0,0
50,3,5,10,0,1
52,3,8,12,0,0
53,3,17,12,0,1
53,3,17,12,0,0
51,3,5,8,0,0
50,3,5,8,0,0
52,3,11,8,0,1
51,3,1,8,0,1
53,3,1,8,0,1
52,3,11,8,0,1
52,3,11,8,0,1
53,3,16,8,0,1
52,3,11,8,0,1
54,3,2,14,0,1
54,3,17,14,0,1
54,3,17,14,0,1
54,3,17,14,0,1
52,3,17,10,0,0
53,3,17,10,0,0
52,3,8,10,0,0
53,3,2,8,2,0
53,3,2,12,3,0
51,3,12,10,1,0
51,3,8,8,0,1
53,3,1,12,0,0
51,3,5,16,0,0
51,3,5,10,0,0
52,3,8,12,2,0
51,3,8,14,0,1
52,3,14,8,2,0
52,3,5,8,2,0
52,3,8,8,2,0
50,3,14,8,0,0
52,3,5,8,2,0
50,3,8,8,2,0
45,3,6,10,0,1
53,2,17,10,2,1
53,3,1,17,0,0
52,3,5,10,0,0
52,3,5,10,0,1
49,3,14,8,0,0
50,3,14,8,0,0
50,3,11,8,0,0
54,3,5,10,3,1
52,3,5,8,0,1
52,3,1,10,0,1
44,2,9,21,3,1
53,3,1,14,2,1
51,3,2,8,0,1
53,3,6,12,0,0
52,2,12,20,2,0
52,2,6,19,2,1
51,2,12,10,2,0
54,3,6,21,0,1
54,2,6,21,2,0
53,3,2,12,0,1
52,3,17,10,1,0
51,3,5,19,1,0
54,2,12,12,0,0
52,3,6,10,0,0
52,3,5,8,0,0
50,3,8,10,2,0
54,3,6,12,0,0
46,3,11,3,0,0
47,3,5,3,0,0
51,3,5,3,0,1
51,3,5,3,0,1
51,3,14,3,0,0
51,3,5,3,0,0
51,3,14,3,0,0
50,3,5,3,0,0
51,3,5,3,0,0
49,3,5,3,0,0
49,3,11,2,0,1
49,3,1,2,0,0
53,3,8,8,0,1
53,3,2,8,0,1
52,3,5,12,0,1
52,3,11,12,0,1
51,3,17,14,3,1
50,3,8,10,0,1
53,3,1,16,0,1
52,3,5,0,0,1
51,3,5,0,0,1
54,3,7,0,0,0
53,3,5,0,0,1
53,3,5,0,0,1
53,3,5,0,0,1
53,3,14,0,0,1
53,3,5,0,0,1
54,3,2,5,0,0
52,3,12,5,0,0
53,3,1,8,0,1
52,3,1,14,0,0
53,3,8,8,0,0
52,3,2,10,0,1
51,3,8,10,0,0
53,3,17,10,0,0
54,3,2,18,0,1
52,3,1,10,2,1
51,3,2,10,0,0
50,3,2,8,2,1
51,3,14,10,2,1
51,3,17,2,2,0
51,3,2,10,0,0
51,3,5,10,3,1
51,3,17,12,1,1
53,3,8,10,0,0
50,3,11,8,0,1
50,3,5,10,3,1
50,3,8,8,1,1
48,3,11,8,0,1
52,3,2,10,0,0
53,3,8,16,0,1
52,3,12,8,2,0
50,3,14,8,0,0
54,3,14,10,0,1
50,3,11,8,0,0
54,3,17,8,0,1
49,3,5,10,0,1
50,3,2,21,0,1
53,2,6,21,2,0
53,3,8,10,2,1
54,3,8,12,0,1
51,3,8,8,2,1
53,3,12,12,0,0
54,3,6,12,2,1
54,3,17,12,2,1
53,3,2,12,2,1
51,3,8,6,0,1
53,3,1,8,0,1
52,3,1,10,0,1
54,3,8,14,0,1
54,3,12,10,2,1
51,3,8,12,0,0
52,3,8,12,0,0
53,3,8,12,0,0
53,3,2,12,0,0
53,3,17,8,0,0
52,3,17,12,2,0
54,3,14,8,0,0
52,3,14,14,0,0
52,3,8,8,0,1
52,3,8,14,0,0
51,3,14,10,0,1
47,3,14,3,0,0
51,3,8,14,0,1
51,3,8,2,0,1
51,3,5,10,0,0
53,3,8,10,0,0
50,3,8,21,0,1
54,3,1,10,0,1
52,3,14,12,0,0
53,3,1,8,0,0
54,3,8,10,0,0
48,3,5,8,0,0
51,3,8,16,2,0
53,3,2,10,0,0
52,3,2,12,2,0
51,3,5,10,0,0
51,3,14,8,0,1
51,3,14,8,0,1
54,3,5,10,0,1
51,3,14,8,0,1
51,3,14,8,0,1
51,3,8,8,0,1
51,3,5,10,0,1
50,3,5,10,0,1
51,3,14,10,0,1
51,3,5,10,0,1
51,3,5,8,0,1
50,3,5,12,0,1
51,3,8,8,0,0
51,3,14,10,0,1
51,3,5,10,0,0
52,3,5,10,0,0
53,3,1,10,0,1
50,3,1,10,0,0
53,3,8,12,2,0
49,3,16,10,0,1
50,3,5,14,0,0
53,3,11,2,0,1
51,3,5,2,0,0
52,3,11,10,0,0
51,0,6,12,0,0
51,3,1,19,0,0
50,3,17,2,0,1
50,3,5,8,2,1
51,3,5,2,0,1
